시군구,번지,본번,부번,단지명,전용면적,계약년월,계약일,거래금액,층,건축년도,도로명,거래유형
강원도 강릉시 견소동,202,202,0,송정한신,39.08,202209,30,17700 ,10,1997,경강로2539번길 8,중개거래
강원도 강릉시 견소동,289,289,0,송정해변신도브래뉴아파트,84.99,202209,2,37500 ,8,2005,경강로2539번길 22,중개거래
강원도 강릉시 견소동,289,289,0,송정해변신도브래뉴아파트,59.99,202209,25,31500 ,11,2005,경강로2539번길 22,중개거래
강원도 강릉시 교동,1982,1982,0,강릉교동롯데캐슬1단지,84.9866,202209,16,28000 ,1,2009,화부산로99번길 12,직거래
강원도 강릉시 교동,1750,1750,0,교동1주공,59.89,202209,29,30000 ,14,1999,가작로 78,중개거래
강원도 강릉시 교동,1775,1775,0,부영6,59.987,202209,2,26000 ,13,2003,정원로 53-9,중개거래
강원도 강릉시 교동,1759,1759,0,현대하이빌,122.74,202209,26,55000 ,15,1999,원대로128번길 14,직거래
강원도 강릉시 내곡동,623,623,0,내곡주공,39.3,202209,5,9500 ,3,1989,관대길16번길 6,중개거래
강원도 강릉시 내곡동,476,476,0,내곡한라,84.95,202209,26,29200 ,13,1997,강변로 114,중개거래
강원도 강릉시 내곡동,758,758,0,벽산블루밍더베스트아파트,49.967,202209,20,18400 ,19,2022,범일로579번길 29-6,직거래
강원도 강릉시 노암동,618-1,618,1,고합,32.04,202209,29,6900 ,8,1996,남부로125번길 23,중개거래
강원도 강릉시 노암동,835,835,0,노암2주공,49.22,202209,15,10000 ,5,1984,노가니남길 25,중개거래
강원도 강릉시 노암동,835,835,0,노암2주공,59.3,202209,20,14000 ,5,1984,노가니남길 25,중개거래
강원도 강릉시 노암동,835,835,0,노암2주공,59.3,202209,20,14000 ,5,1984,노가니남길 25,중개거래
강원도 강릉시 노암동,390,390,0,노암한라,59.976,202209,17,14500 ,7,1994,노암길42번길 28,중개거래
강원도 강릉시 노암동,397,397,0,서일,40.69,202209,17,6200 ,3,1988,노암길42번길 20,중개거래
강원도 강릉시 송정동,940-23,940,23,대림맨션,84.99,202209,7,25000 ,4,1991,남강초교2길 44,중개거래
강원도 강릉시 송정동,940,940,0,삼우은성,84.96,202209,9,26500 ,4,1992,남강초교1길 55,중개거래
강원도 강릉시 송정동,940,940,0,삼우은성,72.86,202209,21,21200 ,14,1992,남강초교1길 55,중개거래
강원도 강릉시 송정동,1064,1064,0,송정아이파크,84.93,202209,3,60500 ,11,2019,경강로 2511,중개거래
강원도 강릉시 송정동,1064,1064,0,송정아이파크,84.93,202209,19,56000 ,5,2019,경강로 2511,중개거래
강원도 강릉시 송정동,1064,1064,0,송정아이파크,84.93,202209,21,63500 ,11,2019,경강로 2511,중개거래
강원도 강릉시 송정동,1064,1064,0,송정아이파크,75.98,202209,29,45000 ,5,2019,경강로 2511,중개거래
강원도 강릉시 연곡면 영진리,336-1,336,1,근화,59.36,202209,28,8900 ,9,1997,영진2길 12-3,중개거래
강원도 강릉시 연곡면 영진리,305-2,305,2,삼우그린,30.24,202209,27,8000 ,3,1999,연주로 132,직거래
강원도 강릉시 연곡면 영진리,12,12,0,영진부영2,84.8923,202209,3,15000 ,8,2005,영진3길 43,중개거래
강원도 강릉시 연곡면 영진리,380,380,0,영진부영3,84.9157,202209,17,30000 ,11,2008,영진3길 15,중개거래
강원도 강릉시 옥천동,102,102,0,영진3,113.08,202209,21,28000 ,2,1992,옥천로23번길 11,직거래
강원도 강릉시 유천동,778,778,0,엘에이치선수촌8단지,74.88,202209,8,46000 ,20,2018,선수촌로 113,중개거래
강원도 강릉시 입암동,503-2,503,2,강동2,59.64,202209,28,8800 ,2,1991,강변로410번길 37,중개거래
강원도 강릉시 입암동,496-5,496,5,대목,39.72,202209,20,6000 ,1,1987,용지로 35,중개거래
강원도 강릉시 입암동,506-9,506,9,대인3,59.685,202209,19,12800 ,7,1993,강변로410번길 27,중개거래
강원도 강릉시 입암동,506-9,506,9,대인3,59.685,202209,23,8000 ,13,1993,강변로410번길 27,중개거래
강원도 강릉시 입암동,550-20,550,20,삼동광업소사원,43.47,202209,5,3500 ,5,1988,월대산로 21,중개거래
강원도 강릉시 입암동,543-3,543,3,에버그린,59.85,202209,2,15000 ,1,2000,강변로440번길 30,중개거래
강원도 강릉시 입암동,May.90,90,5,은하,39.85,202209,20,6300 ,3,2001,월대산로 47,중개거래
강원도 강릉시 입암동,May.90,90,5,은하,39.85,202209,23,6270 ,3,2001,월대산로 47,직거래
강원도 강릉시 입암동,210,210,0,이안강릉타운,84.7,202209,12,36000 ,13,2006,성덕로 316-22,중개거래
강원도 강릉시 입암동,210,210,0,이안강릉타운,84.7,202209,19,34000 ,3,2006,성덕로 316-22,중개거래
강원도 강릉시 입암동,641,641,0,입암1주공,39.72,202209,1,14600 ,3,1986,강변로 364,중개거래
강원도 강릉시 입암동,49,49,0,입암2주공,39.3,202209,17,11000 ,5,1990,강변로 508,중개거래
강원도 강릉시 입암동,685,685,0,입암4주공,59.8,202209,24,15800 ,3,1996,성덕포남로 89,중개거래
강원도 강릉시 입암동,685,685,0,입암5주공,49.97,202209,5,13850 ,8,1996,성덕포남로 89-17,중개거래
강원도 강릉시 입암동,685,685,0,입암5주공,39.99,202209,17,9000 ,1,1996,성덕포남로 89-17,중개거래
강원도 강릉시 입암동,685,685,0,입암5주공,39.99,202209,19,11800 ,15,1996,성덕포남로 89-17,중개거래
강원도 강릉시 입암동,685,685,0,입암5주공,49.97,202209,22,14100 ,15,1996,성덕포남로 89-17,중개거래
강원도 강릉시 입암동,709-1,709,1,입암6주공,49.62,202209,3,14000 ,13,1998,성덕포남로 39,중개거래
강원도 강릉시 입암동,709-1,709,1,입암6주공,49.62,202209,7,14100 ,13,1998,성덕포남로 39,중개거래
강원도 강릉시 입암동,709-1,709,1,입암6주공,49.62,202209,21,17100 ,7,1998,성덕포남로 39,중개거래
강원도 강릉시 입암동,709-1,709,1,입암6주공,49.62,202209,21,15000 ,11,1998,성덕포남로 39,중개거래
강원도 강릉시 입암동,709-1,709,1,입암6주공,59.99,202209,22,20500 ,13,1998,성덕포남로 39,중개거래
강원도 강릉시 입암동,709-1,709,1,입암6주공,49.62,202209,23,14000 ,13,1998,성덕포남로 39,중개거래
강원도 강릉시 입암동,506-5,506,5,태평양임대,39.348,202209,6,5800 ,7,1998,강변로410번길 31-5,중개거래
강원도 강릉시 입암동,506-5,506,5,태평양임대,34.722,202209,22,6800 ,9,1998,강변로410번길 31-5,중개거래
강원도 강릉시 입암동,506-5,506,5,태평양임대,34.722,202209,29,7300 ,9,1998,강변로410번길 31-5,중개거래
강원도 강릉시 입암동,506-5,506,5,태평양임대,39.348,202209,30,8400 ,11,1998,강변로410번길 31-5,중개거래
강원도 강릉시 주문진읍 교항리,1166-1,1166,1,우신그린피아임대,49.86,202209,1,7250 ,6,1999,보리골길 26,직거래
강원도 강릉시 주문진읍 교항리,1166-1,1166,1,우신그린피아임대,59.98,202209,15,9000 ,10,1999,보리골길 26,직거래
강원도 강릉시 주문진읍 교항리,1166-1,1166,1,우신그린피아임대,59.98,202209,17,11800 ,9,1999,보리골길 26,중개거래
강원도 강릉시 주문진읍 교항리,1166-1,1166,1,우신그린피아임대,59.98,202209,30,8900 ,15,1999,보리골길 26,직거래
강원도 강릉시 주문진읍 교항리,1월 29일,29,1,정우2,57.8,202209,21,10000 ,4,1993,연주로 291-6,중개거래
강원도 강릉시 주문진읍 교항리,387-6,387,6,주공,36.2,202209,22,9900 ,1,1982,신리천로 72,중개거래
강원도 강릉시 주문진읍 주문리,61,61,0,주문진라일플로리스4차,21.305,202209,3,10000 ,9,2017,오리나루2길 25,중개거래
강원도 강릉시 주문진읍 주문리,61,61,0,주문진라일플로리스4차,23.662,202209,15,10000 ,6,2017,오리나루2길 25,중개거래
강원도 강릉시 주문진읍 주문리,61,61,0,주문진라일플로리스4차,23.662,202209,21,9600 ,2,2017,오리나루2길 25,중개거래
강원도 강릉시 주문진읍 주문리,61,61,0,주문진라일플로리스4차,26.207,202209,24,12900 ,11,2017,오리나루2길 25,중개거래
강원도 강릉시 주문진읍 주문리,61,61,0,주문진라일플로리스4차,23.662,202209,25,10100 ,2,2017,오리나루2길 25,중개거래
강원도 강릉시 지변동,334,334,0,덕원임대,52.176,202209,14,11500 ,11,1998,죽헌길85번길 25,중개거래
강원도 강릉시 지변동,334,334,0,덕원임대,33.471,202209,21,5800 ,5,1998,죽헌길85번길 25,중개거래
강원도 강릉시 초당동,181,181,0,유화2,44.7,202209,23,13100 ,6,1994,연당길 94-6,중개거래
강원도 강릉시 초당동,135-1,135,1,이화해변아파트(B~D동),29.82,202209,1,7600 ,1,1988,초당원길 21,중개거래
강원도 강릉시 초당동,135-1,135,1,이화해변아파트(B~D동),29.82,202209,15,8500 ,3,1988,초당원길 21,중개거래
강원도 강릉시 초당동,135-1,135,1,이화해변아파트(B~D동),29.82,202209,29,7500 ,2,1988,초당원길 21,중개거래
강원도 강릉시 초당동,182-2,182,2,초당유화1,49.815,202209,1,18000 ,7,1993,연당길 94-3,중개거래
강원도 강릉시 초당동,182-2,182,2,초당유화1,49.815,202209,28,17900 ,4,1993,연당길 94-3,중개거래
강원도 강릉시 초당동,128,128,0,현대,84.58,202209,18,25000 ,5,1995,초당원길 26-2,중개거래
강원도 강릉시 포남동,1005-249,1005,249,강부1,55.41,202209,26,9500 ,4,1987,경강로2256번길 8,중개거래
강원도 강릉시 포남동,1150-3,1150,3,강부3,59.677,202209,13,8200 ,5,1989,남구길10번길 35,직거래
강원도 강릉시 포남동,422-3,422,3,대인4,19.99,202209,16,5000 ,12,1995,강릉대로469번길 14,중개거래
강원도 강릉시 포남동,1104-6,1104,6,대일,59.4,202209,17,9800 ,5,1985,성덕포남로213번길 4,중개거래
강원도 강릉시 포남동,1241-6,1241,6,미진맨션2,82.5,202209,16,25000 ,2,1990,강릉대로 422-12,직거래
강원도 강릉시 포남동,1293-1,1293,1,일송,58.87,202209,3,18700 ,6,1995,하평3길 37,중개거래
강원도 강릉시 포남동,1293-1,1293,1,일송,58.87,202209,16,17700 ,1,1995,하평3길 37,중개거래
강원도 강릉시 포남동,1293-1,1293,1,일송,59.135,202209,21,18700 ,6,1995,하평3길 37,중개거래
강원도 강릉시 포남동,1092,1092,0,정아아트,64.45,202209,8,7000 ,2,1991,명륜로121번길 20,직거래
강원도 강릉시 홍제동,1007,1007,0,강릉홍제힐스테이트,84.961,202209,14,36000 ,6,2007,토성로 39,중개거래
강원도 강릉시 홍제동,1037,1037,0,우미린아파트,84.9871,202209,17,56900 ,14,2016,선수촌로 55,중개거래
강원도 강릉시 홍제동,1037,1037,0,우미린아파트,84.9819,202209,18,54700 ,4,2016,선수촌로 55,중개거래
강원도 강릉시 홍제동,122,122,0,우산,50.445,202209,28,11800 ,4,1997,토성로 51,중개거래
강원도 강릉시 홍제동,158,158,0,홍제푸르지오,84.9,202209,3,38500 ,7,2005,홍제로71번길 1,중개거래
강원도 강릉시 홍제동,158,158,0,홍제푸르지오,105.715,202209,5,43000 ,5,2005,홍제로71번길 1,중개거래
강원도 강릉시 회산동,608,608,0,강릉서희스타힐스리버파크,59.928,202209,13,26450 ,1,2017,회산로 344,중개거래
강원도 강릉시 회산동,608,608,0,강릉서희스타힐스리버파크,59.928,202209,24,29500 ,12,2017,회산로 344,중개거래
강원도 강릉시 회산동,130,130,0,힐스테이트강릉,84.9925,202209,1,45400 ,8,2018,회산로383번길 37,중개거래
강원도 고성군 간성읍 신안리,111,111,0,고성삼익레스타운,39.36,202209,5,7900 ,10,1998,남천마루2길 6,중개거래
강원도 고성군 간성읍 신안리,111,111,0,고성삼익레스타운,59.68,202209,16,13000 ,12,1998,남천마루2길 6,중개거래
강원도 고성군 간성읍 신안리,111,111,0,고성삼익레스타운,59.68,202209,26,11500 ,2,1998,남천마루2길 6,중개거래
강원도 고성군 간성읍 신안리,111,111,0,고성삼익레스타운,39.36,202209,30,6500 ,15,1998,남천마루2길 6,중개거래
강원도 고성군 거진읍 송포리,165,165,0,거진오션상떼빌,84.73,202209,17,38000 ,5,2006,해오름해변길 70,중개거래
강원도 고성군 토성면 봉포리,381,381,0,봉포스위트엠오션파크,80.4353,202209,29,26800 ,4,2020,광포1길 7,중개거래
강원도 고성군 토성면 천진리,476,476,0,고성천진한신더휴,84.9721,202209,23,45000 ,19,2021,천진7길 29,중개거래
강원도 고성군 토성면 청간리,217,217,0,유진클래시움,37.65,202209,28,15000 ,14,2006,아야진해변길 1,중개거래
강원도 동해시 단봉동,4월 24일,24,4,성협5차,31.5,202209,14,2300 ,5,1998,단봉길 16,직거래
강원도 동해시 동회동,442,442,0,"대동1,2차",84.5525,202209,7,12400 ,16,1995,청운1길 29,중개거래
강원도 동해시 동회동,442,442,0,"대동1,2차",59.97,202209,16,8000 ,15,1995,청운1길 29,중개거래
강원도 동해시 동회동,442,442,0,대동3차,45,202209,7,6500 ,12,1996,청운1길 29,중개거래
강원도 동해시 동회동,442,442,0,대동3차,73.4675,202209,8,11800 ,3,1996,청운1길 29,중개거래
강원도 동해시 동회동,442,442,0,대동3차,59.3575,202209,15,7800 ,15,1996,청운1길 29,중개거래
강원도 동해시 동회동,442,442,0,북삼코아루,84.98,202209,13,19500 ,1,2007,효자남길 9,중개거래
강원도 동해시 동회동,90,90,0,협성1차,59.6,202209,15,6500 ,5,1995,효자남길 10,중개거래
강원도 동해시 동회동,90,90,0,협성1차,59.6,202209,15,5300 ,1,1995,효자남길 10,직거래
강원도 동해시 묵호진동,1-83,1,83,삼본임대,40.965,202209,15,6400 ,2,1996,해맞이길 231,중개거래
강원도 동해시 발한동,219-5,219,5,동해프라자,65.28,202209,28,7800 ,6,1988,발한로 176,중개거래
강원도 동해시 발한동,516-1,516,1,삼화,50.85,202209,4,4200 ,5,1991,동호3길 47,중개거래
강원도 동해시 발한동,516-1,516,1,삼화,50.85,202209,22,3400 ,5,1991,동호3길 47,직거래
강원도 동해시 발한동,599-30,599,30,우석맨션,84.53,202209,23,6300 ,5,1992,수원지2길 18-1,중개거래
강원도 동해시 발한동,599-31,599,31,유성,39.24,202209,26,3500 ,3,1989,수원지2길 22,직거래
강원도 동해시 발한동,801,801,0,현대비에스앤씨현대썬앤빌동해파크힐,59.8993,202209,6,20500 ,5,2018,지리골길 31,중개거래
강원도 동해시 발한동,801,801,0,현대비에스앤씨현대썬앤빌동해파크힐,75.5994,202209,24,25000 ,17,2018,지리골길 31,중개거래
강원도 동해시 부곡동,Jan.73,73,1,동해,63.87,202209,16,3700 ,5,1981,가마골길 42-10,중개거래
강원도 동해시 부곡동,Jan.73,73,1,동해,57.43,202209,23,3500 ,5,1981,가마골길 42-10,중개거래
강원도 동해시 부곡동,Jan.73,73,1,동해,57.43,202209,24,4500 ,1,1981,가마골길 42-10,중개거래
강원도 동해시 부곡동,111-1,111,1,유존,35.045,202209,7,4000 ,8,1995,부곡2길 26,직거래
강원도 동해시 북평동,327,327,0,e편한세상동해,78.64,202209,4,31000 ,14,2020,단봉길 39,중개거래
강원도 동해시 북평동,327,327,0,e편한세상동해,78.86,202209,27,30650 ,12,2020,단봉길 39,중개거래
강원도 동해시 북평동,233,233,0,성협4차,84.8,202209,26,5250 ,6,1992,단봉길 6,중개거래
강원도 동해시 쇄운동,173-6,173,6,보배,54.21,202209,21,3750 ,3,1997,효자로 600-1,중개거래
강원도 동해시 쇄운동,1100,1100,0,아름다운아침,39.08,202209,19,5800 ,3,2012,효자로 572-1,중개거래
강원도 동해시 쇄운동,1100,1100,0,아름다운아침,60,202209,20,9300 ,10,2012,효자로 572-1,중개거래
강원도 동해시 쇄운동,1100,1100,0,아름다운아침,39.08,202209,22,6200 ,8,2012,효자로 572-1,중개거래
강원도 동해시 쇄운동,1100,1100,0,아름다운아침,60,202209,26,9100 ,2,2012,효자로 572-1,중개거래
강원도 동해시 쇄운동,1100,1100,0,아름다운아침,60,202209,27,8800 ,8,2012,효자로 572-1,중개거래
강원도 동해시 쇄운동,348,348,0,한림,49.57,202209,16,3900 ,3,1988,언당길 16,중개거래
강원도 동해시 어달동,1-83,1,83,삼본임대,40.965,202209,22,5800 ,5,1996,해맞이길 231,직거래
강원도 동해시 용정동,260-2,260,2,범주성지,59.92,202209,1,7500 ,2,1996,초원2길 5,직거래
강원도 동해시 용정동,260-2,260,2,범주성지,59.92,202209,1,8600 ,5,1996,초원2길 5,중개거래
강원도 동해시 용정동,250-1,250,1,승우,36.68,202209,22,3000 ,1,1993,봉오동길 22,직거래
강원도 동해시 이도동,302-6,302,6,강변,49.275,202209,7,4900 ,8,1996,전천로 175-24,중개거래
강원도 동해시 이도동,302-6,302,6,강변,49.275,202209,29,4900 ,5,1996,전천로 175-24,중개거래
강원도 동해시 이도동,751,751,0,동해아이파크,59.95,202209,19,21500 ,9,2018,배골길 32-4,중개거래
강원도 동해시 이도동,751,751,0,동해아이파크,59.95,202209,19,21500 ,9,2018,배골길 32-4,중개거래
강원도 동해시 이도동,753,753,0,동해이도코아루더스카이,75.4987,202209,6,25500 ,19,2019,동해대로 4833,중개거래
강원도 동해시 이도동,753,753,0,동해이도코아루더스카이,75.4987,202209,13,23000 ,1,2019,동해대로 4833,중개거래
강원도 동해시 이도동,753,753,0,동해이도코아루더스카이,84.9464,202209,19,29000 ,6,2019,동해대로 4833,중개거래
강원도 동해시 이도동,155,155,0,이도1주공,49.62,202209,12,6100 ,2,1999,이원길 180-2,중개거래
강원도 동해시 이도동,154,154,0,이도2주공,59.39,202209,7,8400 ,1,1999,이원길 180-2,중개거래
강원도 동해시 이도동,154,154,0,이도2주공,59.39,202209,14,9050 ,2,1999,이원길 180-2,중개거래
강원도 동해시 이로동,433-31,433,31,동해규수방,41.94,202209,19,3200 ,2,2007,월평로 49,직거래
강원도 동해시 이로동,433-31,433,31,동해규수방,45.94,202209,25,2500 ,4,2007,월평로 49,직거래
강원도 동해시 천곡동,1077-2,1077,2,동아,77.58,202209,24,11800 ,11,1992,천곡로 56-3,중개거래
강원도 동해시 천곡동,Feb.91,91,2,롯데,59.88,202209,24,11800 ,3,1996,감추7길 22-11,중개거래
강원도 동해시 천곡동,965-1,965,1,범주성지(가나),59.95,202209,30,5300 ,6,1994,감추1길 8,중개거래
강원도 동해시 천곡동,1077,1077,0,삼성,84.99,202209,7,14800 ,7,1991,대학로 31,중개거래
강원도 동해시 천곡동,942,942,0,쌍용,83.7,202209,19,21000 ,14,2000,동굴로 149,중개거래
강원도 동해시 천곡동,802-1,802,1,유공타워,59.256,202209,1,9000 ,7,1996,천곡1길 3,중개거래
강원도 동해시 천곡동,802-1,802,1,유공타워,59.256,202209,20,9000 ,6,1996,천곡1길 3,중개거래
강원도 동해시 천곡동,1111,1111,0,천곡금호어울림라포레,64.7915,202209,5,23900 ,10,2020,항골길 65,중개거래
강원도 동해시 천곡동,1080,1080,0,천곡주공1차,44.78,202209,8,9800 ,3,1983,천곡로 20,중개거래
강원도 동해시 천곡동,1060-1,1060,1,천곡주공2차,59.3,202209,13,10800 ,1,1984,한섬로 87,중개거래
강원도 동해시 천곡동,415,415,0,천곡주공4차,39.6,202209,2,8400 ,1,1989,샘실1길 5,중개거래
강원도 동해시 천곡동,415,415,0,천곡주공4차,39.6,202209,6,7250 ,1,1989,샘실1길 5,중개거래
강원도 동해시 천곡동,415,415,0,천곡주공4차,39.99,202209,15,7100 ,5,1989,샘실1길 5,중개거래
강원도 동해시 천곡동,415,415,0,천곡주공4차,39.99,202209,19,7000 ,5,1989,샘실1길 5,중개거래
강원도 동해시 천곡동,415,415,0,천곡주공4차,39.6,202209,21,7000 ,4,1989,샘실1길 5,중개거래
강원도 동해시 천곡동,415,415,0,천곡주공4차,39.99,202209,29,6800 ,4,1989,샘실1길 5,중개거래
강원도 동해시 천곡동,794,794,0,한양2차,49.81,202209,6,8200 ,11,1991,천곡로 15,중개거래
강원도 동해시 천곡동,794,794,0,한양2차,49.81,202209,20,8050 ,1,1991,천곡로 15,중개거래
강원도 동해시 천곡동,794,794,0,한양2차,49.81,202209,30,5300 ,1,1991,천곡로 15,중개거래
강원도 동해시 천곡동,794,794,0,한양3차,49.81,202209,4,8000 ,14,1992,천곡로 15,중개거래
강원도 동해시 천곡동,794,794,0,한양3차,49.81,202209,9,8100 ,5,1992,천곡로 15,중개거래
강원도 동해시 천곡동,794,794,0,한양3차,49.81,202209,21,6000 ,2,1992,천곡로 15,직거래
강원도 동해시 천곡동,794,794,0,한양3차,49.81,202209,27,8750 ,12,1992,천곡로 15,중개거래
강원도 동해시 천곡동,380-2,380,2,현대1차,84.945,202209,7,15500 ,15,1992,한섬로 8,중개거래
강원도 동해시 천곡동,380-2,380,2,현대1차,71.355,202209,8,11400 ,12,1992,한섬로 8,중개거래
강원도 동해시 천곡동,380-2,380,2,현대1차,84.945,202209,21,13200 ,1,1992,한섬로 8,중개거래
강원도 동해시 천곡동,380-2,380,2,현대1차,71.355,202209,23,11300 ,6,1992,한섬로 8,중개거래
강원도 동해시 평릉동,449,449,0,동해하나리움,59.4026,202209,21,17800 ,12,2010,평원로 115,중개거래
강원도 동해시 평릉동,449,449,0,동해하나리움,59.9844,202209,29,16900 ,5,2010,평원로 115,중개거래
강원도 동해시 평릉동,449,449,0,동해하나리움,59.9844,202209,30,17000 ,4,2010,평원로 115,중개거래
강원도 동해시 평릉동,450,450,0,엘리시아,84.9162,202209,20,28700 ,12,2010,평원로 107,중개거래
강원도 동해시 평릉동,293,293,0,푸르지오,69.762,202209,6,18300 ,9,2006,평릉1길 39,중개거래
강원도 동해시 평릉동,293,293,0,푸르지오,69.762,202209,23,20000 ,7,2006,평릉1길 39,중개거래
강원도 동해시 효가동,480,480,0,동아더프라임1단지,84.9151,202209,21,19900 ,4,2013,양지길 20-2,중개거래
강원도 동해시 효가동,248,248,0,명보2차,59.64,202209,16,5800 ,2,1994,효가로 10-2,중개거래
강원도 동해시 효가동,362-34,362,34,유존양지,52.41,202209,5,3000 ,5,1992,양지1길 21,중개거래
강원도 삼척시 갈천동,184-7,184,7,유존양지,59.97,202209,29,6300 ,1,1992,새천년도로 604,중개거래
강원도 삼척시 갈천동,227,227,0,트루엘시그니처,59.5743,202209,30,16700 ,6,2021,동해대로 4360,직거래
강원도 삼척시 교동,793,793,0,e편한세상삼척교동,59.8769,202209,21,19700 ,34,2018,하실길 72,중개거래
강원도 삼척시 교동,793,793,0,e편한세상삼척교동,59.8769,202209,21,18000 ,29,2018,하실길 72,중개거래
강원도 삼척시 교동,130-2,130,2,강부2,49.815,202209,1,6900 ,13,1993,동해대로 4122-27,중개거래
강원도 삼척시 교동,130-2,130,2,강부2,49.815,202209,26,7700 ,12,1993,동해대로 4122-27,직거래
강원도 삼척시 교동,788,788,0,교동지웰,59.8194,202209,19,17000 ,5,2018,동해대로 4183,직거래
강원도 삼척시 교동,757,757,0,교동청솔2차,59.85,202209,14,8300 ,3,2003,정상로 81,중개거래
강원도 삼척시 교동,733-1,733,1,교동코아루,60,202209,1,9000 ,4,2005,교동로 133,중개거래
강원도 삼척시 교동,733-1,733,1,교동코아루,84.929,202209,15,19500 ,3,2005,교동로 133,중개거래
강원도 삼척시 교동,745-1,745,1,신동아,59.895,202209,26,11600 ,3,1998,정상로 90,중개거래
강원도 삼척시 교동,745-1,745,1,신동아,59.895,202209,30,11058 ,11,1998,정상로 90,직거래
강원도 삼척시 남양동,346-3,346,3,선경빌라1차,73.62,202209,28,6700 ,5,1990,봉황로 31,중개거래
강원도 삼척시 도계읍 도계리,424,424,0,대한뷰티,59.96,202209,26,5500 ,2,2003,도계대한길 72,직거래
강원도 삼척시 도계읍 도계리,325-1,325,1,한림,47.25,202209,7,2350 ,4,1989,도계대한길 93,중개거래
강원도 삼척시 도계읍 도계리,325-1,325,1,한림,37.62,202209,22,2500 ,2,1989,도계대한길 93,직거래
강원도 삼척시 원당동,173,173,0,삼척원당장기임대,47.31,202209,16,4500 ,1,1992,원당로2길 20,직거래
강원도 삼척시 원당동,117,117,0,한양,84.54,202209,22,12000 ,11,1991,오십천로 295-7,직거래
강원도 삼척시 정상동,457-3,457,3,석미,56.97,202209,7,7300 ,12,1998,청석로 78,중개거래
강원도 삼척시 정상동,457-3,457,3,석미,56.97,202209,15,7800 ,14,1998,청석로 78,직거래
강원도 삼척시 정상동,316-3,316,3,유성,48.03,202209,13,5500 ,4,1999,동해대로 4044-13,중개거래
강원도 삼척시 정상동,454,454,0,정상주공,32.43,202209,20,3500 ,3,1988,척주로 128,직거래
강원도 삼척시 정상동,454,454,0,정상주공,32.43,202209,20,2600 ,5,1988,척주로 128,직거래
강원도 삼척시 정상동,457-1,457,1,청솔1차,59.85,202209,15,8500 ,5,2002,청석로 64,직거래
강원도 삼척시 정상동,457-1,457,1,청솔1차,59.85,202209,22,8600 ,8,2002,청석로 64,중개거래
강원도 삼척시 정상동,457-1,457,1,청솔1차,59.85,202209,26,8200 ,10,2002,청석로 64,직거래
강원도 삼척시 정상동,473,473,0,현진에버빌,80.429,202209,21,18500 ,1,2005,정상로 35,직거래
강원도 속초시 교동,783,783,0,대명늘푸른,59.9584,202209,6,14600 ,9,2000,미시령로3337번길 7,중개거래
강원도 속초시 교동,783,783,0,대명늘푸른,84.6036,202209,15,24500 ,13,2000,미시령로3337번길 7,중개거래
강원도 속초시 교동,783,783,0,대명늘푸른,59.9584,202209,17,15500 ,12,2000,미시령로3337번길 7,중개거래
강원도 속초시 교동,781-1,781,1,동부,84.96,202209,22,22200 ,14,1997,미시령로3359번길 15,중개거래
강원도 속초시 교동,781-1,781,1,동부,60,202209,28,18950 ,13,1997,미시령로3359번길 15,중개거래
강원도 속초시 교동,767-224,767,224,럭키설악1,76.39,202209,16,15000 ,3,1991,만천4길 1,중개거래
강원도 속초시 교동,767-224,767,224,럭키설악1,84.93,202209,23,16000 ,3,1991,만천4길 1,중개거래
강원도 속초시 교동,767-224,767,224,럭키설악1,84.93,202209,24,18200 ,12,1991,만천4길 1,중개거래
강원도 속초시 교동,924,924,0,삼호,39.906,202209,14,7500 ,4,1995,밤골3길 27,중개거래
강원도 속초시 교동,924,924,0,삼호,43.26,202209,24,10000 ,9,1995,밤골3길 27,중개거래
강원도 속초시 교동,923,923,0,삼환,54.58,202209,15,12600 ,8,1994,밤골3길 39,중개거래
강원도 속초시 교동,923,923,0,삼환,54.58,202209,26,12900 ,12,1994,밤골3길 39,중개거래
강원도 속초시 교동,628-1,628,1,서울대명1,84.9,202209,19,19400 ,9,1991,번영로43번길 11,중개거래
강원도 속초시 교동,627-135,627,135,속초대명1(대명타워),59.78,202209,21,9500 ,2,1991,교동로7길 36,중개거래
강원도 속초시 교동,961-1,961,1,주공3,51.66,202209,20,12500 ,13,1993,먹거리길 17,중개거래
강원도 속초시 교동,618-10,618,10,현대1,84.99,202209,20,20000 ,11,1991,미시령로3359번길 9,중개거래
강원도 속초시 교동,618-10,618,10,현대1,75.24,202209,24,18400 ,7,1991,미시령로3359번길 9,중개거래
강원도 속초시 교동,781-6,781,6,현대2,84.96,202209,7,20000 ,7,1992,미시령로3359번길 4,중개거래
강원도 속초시 교동,782,782,0,현대3,130.095,202209,29,25500 ,8,1998,미시령로3337번길 6-43,중개거래
강원도 속초시 교동,620,620,0,협성,28.07,202209,21,6500 ,1,1997,미시령로3359번길 42,중개거래
강원도 속초시 금호동,605-3,605,3,금호로얄맨션,59.97,202209,5,14000 ,9,1994,미시령로 3421,중개거래
강원도 속초시 금호동,627,627,0,속초e-편한세상,84.975,202209,6,33000 ,4,2006,미시령로 3439,중개거래
강원도 속초시 금호동,627,627,0,속초e-편한세상,84.975,202209,15,33000 ,4,2006,미시령로 3439,중개거래
강원도 속초시 금호동,627,627,0,속초e-편한세상,84.975,202209,22,32000 ,5,2006,미시령로 3439,중개거래
강원도 속초시 동명동,596,596,0,e편한세상영랑호,74.6496,202209,15,30000 ,3,2017,번영로129번길 22,직거래
강원도 속초시 영랑동,157,157,0,양우비치타워맨션,59.985,202209,20,19000 ,9,1990,영랑로4길 10,중개거래
강원도 속초시 영랑동,157,157,0,양우비치타워맨션,84.495,202209,23,15600 ,5,1990,영랑로4길 10,중개거래
강원도 속초시 영랑동,157,157,0,양우비치타워맨션,59.985,202209,26,14500 ,4,1990,영랑로4길 10,중개거래
강원도 속초시 조양동,1568,1568,0,대광로제비앙,84.8533,202209,29,28500 ,3,2009,온정로1길 11-8,중개거래
강원도 속초시 조양동,579,579,0,대명타워,59.93,202209,25,14600 ,13,1996,청대로232번길 15-19,중개거래
강원도 속초시 조양동,1540-1,1540,1,부영2,49.92,202209,15,14000 ,4,1998,조양로142번길 6,중개거래
강원도 속초시 조양동,1499,1499,0,부영3,59.905,202209,9,18000 ,2,1996,소평로 162,중개거래
강원도 속초시 조양동,1499,1499,0,부영3,166.535,202209,17,38000 ,4,1996,소평로 162,중개거래
강원도 속초시 조양동,1499,1499,0,부영3,166.535,202209,17,38000 ,4,1996,소평로 162,중개거래
강원도 속초시 조양동,1499,1499,0,부영3,133.835,202209,30,31000 ,4,1996,소평로 162,중개거래
강원도 속초시 조양동,1501,1501,0,부영5,50,202209,13,16800 ,15,1995,청대로204번길 40,중개거래
강원도 속초시 조양동,1501,1501,0,부영5,50,202209,17,15400 ,13,1995,청대로204번길 40,중개거래
강원도 속초시 조양동,1501,1501,0,부영5,60,202209,20,19000 ,8,1995,청대로204번길 40,중개거래
강원도 속초시 조양동,1501,1501,0,부영5,50,202209,23,16400 ,12,1995,청대로204번길 40,중개거래
강원도 속초시 조양동,1502,1502,0,부영6,50,202209,2,14500 ,5,1995,조양로 163,중개거래
강원도 속초시 조양동,1502,1502,0,부영6,40,202209,8,12000 ,9,1995,조양로 163,중개거래
강원도 속초시 조양동,1502,1502,0,부영6,50,202209,8,16400 ,13,1995,조양로 163,중개거래
강원도 속초시 조양동,1505,1505,0,부영9,60,202209,20,16000 ,4,1995,조양로142번길 13,중개거래
강원도 속초시 조양동,1294-23,1294,23,성호,59.76,202209,16,16700 ,17,2001,청대로 22-7,중개거래
강원도 속초시 조양동,1294-23,1294,23,성호,49.65,202209,27,13500 ,11,2001,청대로 22-7,중개거래
강원도 속초시 조양동,1294-23,1294,23,성호,59.76,202209,28,15000 ,2,2001,청대로 8,중개거래
강원도 속초시 조양동,1572,1572,0,속초KCC스위첸,74.5213,202209,7,38300 ,2,2019,청대로 40,중개거래
강원도 속초시 조양동,1572,1572,0,속초KCC스위첸,59.9027,202209,20,32000 ,15,2019,청대로 40,중개거래
강원도 속초시 조양동,1459,1459,0,속초서희스타힐스더베이,84.91,202209,14,31600 ,10,2020,동해대로 3958,직거래
강원도 속초시 조양동,1217-1,1217,1,조양1주공,59.99,202209,27,17800 ,4,1998,온정로 6,중개거래
강원도 속초시 조양동,1215-1,1215,1,조양주공2,39.74,202209,27,11400 ,13,1998,온정로 24,중개거래
강원도 속초시 조양동,1582,1582,0,효성해링턴플레이스,84.98,202209,9,42000 ,11,2019,청대로 210,중개거래
강원도 속초시 조양동,1582,1582,0,효성해링턴플레이스,74.99,202209,16,37500 ,2,2019,청대로 210,중개거래
강원도 양구군 양구읍 상리,510,510,0,경림,37.755,202209,7,7400 ,7,1998,양록길23번길 11,중개거래
강원도 양구군 양구읍 상리,559,559,0,포미재,66.5198,202209,1,14500 ,13,2004,관공서로16번길 15,직거래
강원도 양구군 양구읍 정림리,436,436,0,양구석미모닝파크,77.12,202209,2,16500 ,3,2010,박수근로313번길 17,직거래
강원도 양구군 양구읍 정림리,436,436,0,양구석미모닝파크,84.9,202209,2,17000 ,7,2010,박수근로313번길 17,직거래
강원도 양구군 양구읍 정림리,436,436,0,양구석미모닝파크,77.12,202209,2,16500 ,10,2010,박수근로313번길 17,직거래
강원도 양구군 양구읍 정림리,436,436,0,양구석미모닝파크,84.9,202209,3,20000 ,7,2010,박수근로313번길 17,직거래
강원도 양구군 양구읍 정림리,436,436,0,양구석미모닝파크,77.12,202209,27,17000 ,10,2010,박수근로313번길 17,직거래
강원도 양구군 양구읍 중리,1월 5일,1,5,일립그린,59.67,202209,19,8500 ,4,1995,관공서로16번길 5-9,중개거래
강원도 양양군 손양면 하왕도리,303,303,0,삼호,39.6,202209,9,7400 ,6,1998,손중로 211-8,중개거래
강원도 양양군 손양면 하왕도리,303,303,0,삼호,49.14,202209,13,9000 ,2,1998,손중로 211-8,중개거래
강원도 양양군 손양면 하왕도리,303,303,0,삼호,39.6,202209,30,7500 ,5,1998,손중로 211-8,중개거래
강원도 양양군 양양읍 거마리,1월 31일,31,1,설악실크벨리,25.45,202209,18,3850 ,7,1998,거마천로 300,직거래
강원도 양양군 양양읍 구교리,67,67,0,태산2차,40.41,202209,6,6700 ,2,1997,북문길 22-18,중개거래
강원도 양양군 양양읍 내곡리,263,263,0,한양수자인,84.9782,202209,8,36000 ,5,2020,한고개길 31-46,중개거래
강원도 양양군 양양읍 서문리,419,419,0,양양코아루,73.8029,202209,2,24300 ,17,2016,임천1길 26-3,중개거래
강원도 양양군 양양읍 서문리,419,419,0,양양코아루,73.8029,202209,13,22000 ,3,2016,임천1길 26-3,중개거래
강원도 양양군 양양읍 연창리,358,358,0,양우내안애,83.9688,202209,19,27000 ,5,2018,미륵길 40,중개거래
강원도 양양군 양양읍 월리,449-1,449,1,명지푸르미,31.5408,202209,7,6000 ,9,2002,남대천로 99-14,중개거래
강원도 양양군 양양읍 월리,449-1,449,1,명지푸르미,84.7407,202209,16,16300 ,9,2002,남대천로 99-14,중개거래
강원도 양양군 양양읍 월리,449-1,449,1,명지푸르미,84.7407,202209,16,16200 ,9,2002,남대천로 99-14,중개거래
강원도 양양군 양양읍 청곡리,17,17,0,유화,41.57,202209,27,9400 ,9,1995,청곡길 12,중개거래
강원도 양양군 현남면 광진리,141,141,0,대목바다마을,58.32,202209,16,15500 ,5,1998,동해대로 611-7,직거래
강원도 양양군 현남면 광진리,141,141,0,대목바다마을,38.88,202209,26,11000 ,9,1998,동해대로 611-7,직거래
강원도 영월군 영월읍 덕포리,797,797,0,영월덕포리코아루웰라움,69.7641,202209,6,19300 ,11,2018,덕포하리2길 70,중개거래
강원도 영월군 영월읍 덕포리,797,797,0,영월덕포리코아루웰라움,69.7641,202209,26,18800 ,4,2018,덕포하리2길 70,중개거래
강원도 영월군 영월읍 방절리,482-1,482,1,신아,39.9,202209,5,3200 ,14,1997,청령포로 213,중개거래
강원도 영월군 영월읍 영흥리,1049-16,1049,16,삼호,44.67,202209,29,3250 ,5,1990,단종로 88,중개거래
강원도 영월군 영월읍 영흥리,931,931,0,영월LH천년나무,59.94,202209,16,17000 ,3,2016,제방안길 16,중개거래
강원도 영월군 영월읍 영흥리,1137,1137,0,영월코아루에듀타운,69.4673,202209,2,20000 ,17,2021,봉래산로 114,중개거래
강원도 영월군 영월읍 영흥리,1137,1137,0,영월코아루에듀타운,69.4673,202209,5,20000 ,17,2021,봉래산로 114,중개거래
강원도 영월군 영월읍 하송리,11월 1일,11,1,영월맨션,52.95,202209,20,4200 ,3,1986,하송안길 89,직거래
강원도 영월군 영월읍 하송리,11월 1일,11,1,영월맨션,52.95,202209,21,3000 ,5,1986,하송안길 89,직거래
강원도 영월군 영월읍 하송리,389,389,0,주공2,39.99,202209,30,5800 ,2,1992,하송로 103-4,중개거래
강원도 영월군 영월읍 하송리,403,403,0,주공3,49.96,202209,18,7800 ,15,1998,하송로 123-4,중개거래
강원도 영월군 영월읍 하송리,403,403,0,주공3,49.96,202209,28,8350 ,9,1998,하송로 123-4,중개거래
강원도 영월군 영월읍 하송리,394,394,0,주공4,59.8,202209,3,11200 ,8,1999,하송로 123-7,중개거래
강원도 원주시 개운동,441,441,0,개운한신휴플러스1차,59.808,202209,6,22700 ,3,2006,서원대로 389,중개거래
강원도 원주시 개운동,441,441,0,개운한신휴플러스1차,84.98,202209,6,25000 ,14,2006,서원대로 389,직거래
강원도 원주시 개운동,441,441,0,개운한신휴플러스1차,84.77,202209,7,27800 ,11,2006,서원대로 389,중개거래
강원도 원주시 개운동,118-26,118,26,덕산,75.947,202209,17,11000 ,8,1992,치악로 1777,중개거래
강원도 원주시 개운동,546-3,546,3,서초,39.265,202209,2,5200 ,2,1999,개운4길 75,중개거래
강원도 원주시 개운동,546-3,546,3,서초,46.915,202209,26,6500 ,1,1999,개운4길 75,중개거래
강원도 원주시 개운동,546-3,546,3,서초,59.755,202209,26,7500 ,6,1999,개운4길 75,중개거래
강원도 원주시 개운동,581-1,581,1,원주개운휴먼시아1단지,84.9,202209,7,27500 ,17,2010,개운로 30,중개거래
강원도 원주시 개운동,581-1,581,1,원주개운휴먼시아1단지,46.96,202209,19,15500 ,7,2010,개운로 30,직거래
강원도 원주시 관설동,1774-3,1774,3,청솔5차,59.85,202209,1,12800 ,3,2001,시청로 524,중개거래
강원도 원주시 관설동,1774-3,1774,3,청솔5차,59.85,202209,1,11800 ,6,2001,시청로 524,중개거래
강원도 원주시 관설동,1713-2,1713,2,청솔8차,59.85,202209,3,11800 ,1,2002,나비허리길 188,중개거래
강원도 원주시 관설동,1713-2,1713,2,청솔8차,59.85,202209,3,13200 ,8,2002,나비허리길 188,중개거래
강원도 원주시 관설동,1713-2,1713,2,청솔8차,59.85,202209,6,12700 ,9,2002,나비허리길 188,중개거래
강원도 원주시 관설동,1713-2,1713,2,청솔8차,59.85,202209,17,14500 ,4,2002,나비허리길 188,중개거래
강원도 원주시 관설동,1774-4,1774,4,코아루,84.96,202209,23,21000 ,3,2005,시청로 496,중개거래
강원도 원주시 단계동,807,807,0,단계롯데,84.91,202209,15,16500 ,5,1993,백간길 53,중개거래
강원도 원주시 단계동,807,807,0,단계롯데,76.54,202209,16,16000 ,2,1993,백간길 53,중개거래
강원도 원주시 단계동,807,807,0,단계롯데,76.54,202209,22,16000 ,4,1993,백간길 53,중개거래
강원도 원주시 단계동,807,807,0,단계롯데,84.91,202209,27,17100 ,8,1993,백간길 53,중개거래
강원도 원주시 단계동,808,808,0,단계삼익,84.75,202209,5,22000 ,10,1993,봉화로 74,중개거래
강원도 원주시 단계동,111-47,111,47,동보렉스4,49.58,202209,6,6800 ,8,1991,원문로 160,중개거래
강원도 원주시 단계동,111-47,111,47,동보렉스4,73,202209,16,10000 ,15,1991,원문로 160,중개거래
강원도 원주시 단계동,111-47,111,47,동보렉스4,49.58,202209,16,7000 ,3,1991,원문로 160,중개거래
강원도 원주시 단계동,111-47,111,47,동보렉스4,49.58,202209,27,7400 ,5,1991,원문로 160,중개거래
강원도 원주시 단계동,808-1,808,1,라이프타운,101.67,202209,20,22500 ,11,1993,백간길 72,중개거래
강원도 원주시 단계동,809,809,0,벽산,95.27,202209,17,20500 ,13,1993,백간길 80,중개거래
강원도 원주시 단계동,809,809,0,벽산,95.27,202209,20,20000 ,10,1993,백간길 80,중개거래
강원도 원주시 단계동,1095-1,1095,1,봉화산e-편한세상,84.97,202209,24,31000 ,10,2006,봉화로 67,중개거래
강원도 원주시 단계동,1215,1215,0,봉화산벨라시티,59.9031,202209,13,26500 ,14,2016,백간길 17,중개거래
강원도 원주시 단계동,807-1,807,1,세경3차,59.76,202209,15,9500 ,15,1996,백간길 63,중개거래
강원도 원주시 단계동,807-1,807,1,세경3차,59.76,202209,15,9500 ,6,1996,백간길 63,중개거래
강원도 원주시 단계동,807-1,807,1,세경3차,59.76,202209,28,7500 ,1,1996,백간길 63,직거래
강원도 원주시 단계동,1218,1218,0,원주봉화산벨라시티2차아파트,84.9911,202209,8,37200 ,23,2018,백간길 17-14,중개거래
강원도 원주시 단계동,1221,1221,0,원주봉화산벨라시티3차아파트,59.9055,202209,19,27000 ,18,2020,서원대로 35,중개거래
강원도 원주시 단계동,1184,1184,0,원주봉화산푸르지오,60.8496,202209,7,29500 ,11,2017,봉화서부로 11,중개거래
강원도 원주시 단계동,1184,1184,0,원주봉화산푸르지오,84.8617,202209,16,37000 ,26,2017,봉화서부로 11,중개거래
강원도 원주시 단계동,1184,1184,0,원주봉화산푸르지오,84.8617,202209,22,39500 ,11,2017,봉화서부로 11,중개거래
강원도 원주시 단계동,880,880,0,코오롱,59.73,202209,14,16700 ,3,1994,로아노크로 15,중개거래
강원도 원주시 단계동,507,507,0,현대3차,84.93,202209,12,17700 ,2,1992,원문로 176,중개거래
강원도 원주시 단계동,507,507,0,현대3차,132.725,202209,19,22000 ,8,1992,원문로 176,중개거래
강원도 원주시 단계동,806-1,806,1,현진,84.74,202209,15,19300 ,7,1993,봉화로 122,중개거래
강원도 원주시 단구동,1461,1461,0,개운2차한신휴플러스,59.808,202209,17,21000 ,16,2006,서원대로 427,중개거래
강원도 원주시 단구동,1461,1461,0,개운2차한신휴플러스,59.808,202209,20,21700 ,20,2006,서원대로 427,중개거래
강원도 원주시 단구동,1589-1,1589,1,구곡2현대,84.99,202209,19,18300 ,9,1998,늘품로 16,중개거래
강원도 원주시 단구동,1451,1451,0,단구동한신더휴,84.9035,202209,25,38200 ,15,2017,단구로 250,중개거래
강원도 원주시 단구동,1451,1451,0,단구동한신더휴,74.9321,202209,29,32000 ,15,2017,단구로 250,중개거래
강원도 원주시 단구동,1517-1,1517,1,대림,59.903,202209,17,15000 ,11,1997,남원로 524,중개거래
강원도 원주시 단구동,1517-1,1517,1,대림,59.903,202209,26,17000 ,7,1997,남원로 524,중개거래
강원도 원주시 단구동,1467,1467,0,대흥,59.99,202209,3,12200 ,6,1994,단구초교길 11,중개거래
강원도 원주시 단구동,1467,1467,0,대흥,71.58,202209,15,11500 ,8,1994,단구초교길 11,중개거래
강원도 원주시 단구동,1026-26,1026,26,동보노빌리티타워골드,119.93,202209,3,30500 ,9,2009,서원대로 434,중개거래
강원도 원주시 단구동,1520,1520,0,두산,101.97,202209,16,19100 ,9,1997,남원로 496,중개거래
강원도 원주시 단구동,1520,1520,0,두산,134.97,202209,20,23700 ,6,1997,남원로 496,중개거래
강원도 원주시 단구동,1589-4,1589,4,성일,55.585,202209,8,14900 ,6,1998,단구로 418,중개거래
강원도 원주시 단구동,1589-4,1589,4,성일,38.685,202209,15,9300 ,6,1998,단구로 418,중개거래
강원도 원주시 단구동,1589-3,1589,3,세경웰러스,84.7396,202209,4,22000 ,9,2005,단구로 424,중개거래
강원도 원주시 단구동,1589-3,1589,3,세경웰러스,84.7396,202209,23,21400 ,12,2005,단구로 424,중개거래
강원도 원주시 단구동,1604-1,1604,1,신성미소지움,84.656,202209,3,23100 ,13,2006,나비허리길 57,중개거래
강원도 원주시 단구동,1604-1,1604,1,신성미소지움,84.656,202209,5,21500 ,4,2006,나비허리길 57,중개거래
강원도 원주시 단구동,1604-1,1604,1,신성미소지움,84.974,202209,22,20700 ,1,2006,나비허리길 57,중개거래
강원도 원주시 단구동,1721,1721,0,원주단구내안애카운티에듀파크1단지,84.9024,202209,2,34800 ,14,2020,오성마을길 63-1,중개거래
강원도 원주시 단구동,1721,1721,0,원주단구내안애카운티에듀파크1단지,84.9024,202209,4,35500 ,11,2020,오성마을길 63-1,중개거래
강원도 원주시 단구동,1721,1721,0,원주단구내안애카운티에듀파크1단지,84.9317,202209,15,29900 ,3,2020,오성마을길 63-1,중개거래
강원도 원주시 단구동,1721,1721,0,원주단구내안애카운티에듀파크1단지,84.9317,202209,15,31000 ,14,2020,오성마을길 63-1,중개거래
강원도 원주시 단구동,1721,1721,0,원주단구내안애카운티에듀파크1단지,84.9317,202209,17,33500 ,5,2020,오성마을길 63-1,중개거래
강원도 원주시 단구동,1721,1721,0,원주단구내안애카운티에듀파크1단지,84.9317,202209,27,31900 ,3,2020,오성마을길 63-1,중개거래
강원도 원주시 단구동,1711,1711,0,원주단구내안애카운티에듀파크2단지,84.9317,202209,1,35000 ,19,2020,오성마을길 63-1,중개거래
강원도 원주시 단구동,1711,1711,0,원주단구내안애카운티에듀파크2단지,84.9024,202209,17,36000 ,20,2020,오성마을길 63-1,중개거래
강원도 원주시 단구동,1478-4,1478,4,유승,84.4687,202209,24,22900 ,12,2003,강변로 119,중개거래
강원도 원주시 단구동,1589-2,1589,2,청솔1차(1589-2),58.65,202209,5,10900 ,2,2000,늘품로 6,중개거래
강원도 원주시 단구동,1589-2,1589,2,청솔1차(1589-2),58.65,202209,16,11350 ,14,2000,늘품로 6,중개거래
강원도 원주시 단구동,1588-4,1588,4,청솔2차,58.65,202209,13,11000 ,14,2000,단구로 408,중개거래
강원도 원주시 단구동,1588-4,1588,4,청솔2차,58.65,202209,13,12500 ,11,2000,단구로 408,중개거래
강원도 원주시 단구동,1588-4,1588,4,청솔2차,58.65,202209,16,11500 ,5,2000,단구로 408,중개거래
강원도 원주시 단구동,1684-1,1684,1,청솔4차,58.65,202209,3,13200 ,11,2001,단구로 416,중개거래
강원도 원주시 단구동,1684-1,1684,1,청솔4차,58.65,202209,7,12100 ,14,2001,단구로 416,중개거래
강원도 원주시 단구동,1517-3,1517,3,청솔7차,59.85,202209,15,13500 ,5,2002,남원로 494,중개거래
강원도 원주시 단구동,1612,1612,0,현진에버빌,84.886,202209,7,25000 ,10,2001,나비허리길 22,중개거래
강원도 원주시 단구동,1612,1612,0,현진에버빌,74.76,202209,8,22800 ,9,2001,나비허리길 22,중개거래
강원도 원주시 단구동,1612,1612,0,현진에버빌,74.76,202209,14,21000 ,5,2001,나비허리길 22,중개거래
강원도 원주시 단구동,1612,1612,0,현진에버빌,84.886,202209,18,23100 ,6,2001,나비허리길 22,중개거래
강원도 원주시 단구동,1612,1612,0,현진에버빌,74.76,202209,26,23700 ,11,2001,나비허리길 22,중개거래
강원도 원주시 명륜동,847-1,847,1,구곡청구1단지,101.6,202209,7,25800 ,15,1997,남원로469번길 81,중개거래
강원도 원주시 명륜동,847-1,847,1,구곡청구1단지,101.6,202209,17,20500 ,1,1997,남원로469번길 81,중개거래
강원도 원주시 명륜동,376,376,0,단구1단지,47.01,202209,1,16000 ,5,1988,남원로527번길 61,중개거래
강원도 원주시 명륜동,480,480,0,단구2단지,46.68,202209,17,13500 ,1,1990,남원로527번길 23,중개거래
강원도 원주시 명륜동,124,124,0,대성현대,84.915,202209,18,13600 ,15,1991,향교길 53,중개거래
강원도 원주시 명륜동,147-1,147,1,동성,84.88,202209,8,15100 ,15,1992,무실로55번길 65,중개거래
강원도 원주시 명륜동,147-1,147,1,동성,84.88,202209,23,16000 ,14,1992,무실로55번길 65,중개거래
강원도 원주시 명륜동,549,549,0,명륜은행,48.83,202209,21,10000 ,1,1991,남원로527번길 35,중개거래
강원도 원주시 명륜동,802,802,0,성원,84.93,202209,6,19200 ,9,2000,무실로 155,중개거래
강원도 원주시 명륜동,802,802,0,성원,50.49,202209,14,12000 ,9,2000,무실로 155,중개거래
강원도 원주시 명륜동,802,802,0,성원,75.06,202209,19,18700 ,14,2000,무실로 155,중개거래
강원도 원주시 명륜동,547,547,0,원주삼성,84.88,202209,24,14000 ,5,1990,예술관길 15,중개거래
강원도 원주시 명륜동,547,547,0,원주삼성,69.12,202209,24,11800 ,10,1990,예술관길 15,중개거래
강원도 원주시 명륜동,26,26,0,치악맨숀,62.555,202209,19,6200 ,5,1983,치악로 1803,직거래
강원도 원주시 명륜동,710,710,0,행운,41.3,202209,15,8300 ,5,1992,예술관길 32,중개거래
강원도 원주시 명륜동,710,710,0,행운,49.94,202209,15,10000 ,4,1992,예술관길 32,중개거래
강원도 원주시 명륜동,710,710,0,행운,49.94,202209,19,9700 ,10,1992,예술관길 32,중개거래
강원도 원주시 명륜동,205-37,205,37,현대1,84.97,202209,15,16000 ,10,1990,남산로 30,중개거래
강원도 원주시 무실동,1921,1921,0,더샵원주센트럴파크1단지,59.9678,202209,7,31800 ,3,null,한지공원길 120,중개거래
강원도 원주시 무실동,1651,1651,0,뜨란채,84.94,202209,24,29000 ,11,2006,시청로 90,중개거래
강원도 원주시 무실동,1714,1714,0,무실e-편한세상,101.4381,202209,30,44500 ,14,2009,만대로 89,중개거래
강원도 원주시 무실동,1868-6,1868,6,무실우미린,75.3028,202209,6,37000 ,13,2014,무실로 455,중개거래
강원도 원주시 무실동,1868-6,1868,6,무실우미린,84.9919,202209,17,42370 ,5,2014,무실로 455,중개거래
강원도 원주시 무실동,1868-6,1868,6,무실우미린,84.9109,202209,23,44000 ,8,2014,무실로 455,중개거래
강원도 원주시 무실동,1645,1645,0,무실주공3단지,36.04,202209,2,12000 ,8,2003,시청로 92,중개거래
강원도 원주시 무실동,1645,1645,0,무실주공3단지,59.92,202209,20,17500 ,4,2003,시청로 92,중개거래
강원도 원주시 무실동,1644,1644,0,무실주공4단지,75.66,202209,7,24100 ,2,2001,시청로 88,중개거래
강원도 원주시 무실동,1715-1,1715,1,원주무실6단지휴먼시아,84.81,202209,3,31000 ,3,2010,만대로 119,중개거래
강원도 원주시 무실동,1715-1,1715,1,원주무실6단지휴먼시아,84.81,202209,24,32000 ,6,2010,만대로 119,중개거래
강원도 원주시 무실동,1715-1,1715,1,원주무실6단지휴먼시아,84.81,202209,27,29500 ,9,2010,만대로 119,중개거래
강원도 원주시 문막읍 건등리,1741-1,1741,1,극동스타클래스,84.947,202209,2,18200 ,2,2008,건등로 67,중개거래
강원도 원주시 문막읍 건등리,1741-1,1741,1,극동스타클래스,84.947,202209,28,19350 ,8,2008,건등로 67,중개거래
강원도 원주시 문막읍 건등리,1697-1,1697,1,삼익,59.5,202209,3,7900 ,13,1997,건등로 27,중개거래
강원도 원주시 문막읍 건등리,1743,1743,0,서원주코아루아너스,84.625,202209,6,24800 ,11,2018,원문로 1700,중개거래
강원도 원주시 문막읍 건등리,1743,1743,0,서원주코아루아너스,84.625,202209,6,22700 ,4,2018,원문로 1700,중개거래
강원도 원주시 문막읍 건등리,1743,1743,0,서원주코아루아너스,84.625,202209,29,21250 ,1,2018,원문로 1700,중개거래
강원도 원주시 문막읍 건등리,1697-2,1697,2,신한,59.946,202209,15,8800 ,1,1997,건등로 41,중개거래
강원도 원주시 문막읍 동화리,1544-3,1544,3,금광포란재,37.8,202209,23,3800 ,3,1993,동화초교길 15,직거래
강원도 원주시 문막읍 동화리,1530-2,1530,2,문막이화,27.96,202209,19,3000 ,6,1994,동화초교길 31,중개거래
강원도 원주시 문막읍 동화리,1543,1543,0,문막현진,39.945,202209,14,5600 ,9,1997,왕건로 77,중개거래
강원도 원주시 문막읍 동화리,1543,1543,0,문막현진,59.58,202209,15,8700 ,6,1997,왕건로 77,중개거래
강원도 원주시 문막읍 동화리,1543,1543,0,문막현진,59.58,202209,17,7500 ,10,1997,왕건로 77,중개거래
강원도 원주시 문막읍 동화리,1690,1690,0,원주문막신원아침도시,118.882,202209,7,19000 ,1,2008,왕건로 20,중개거래
강원도 원주시 반곡동,Jul.64,1964,7,반곡모아엘가,84.8201,202209,15,32500 ,3,2017,세계로 111,중개거래
강원도 원주시 반곡동,1802,1802,0,반곡벽산2차아파트,84.936,202209,17,28800 ,7,2008,반곡길 45,중개거래
강원도 원주시 반곡동,1802,1802,0,반곡벽산2차아파트,84.967,202209,27,25000 ,11,2008,반곡길 45,중개거래
강원도 원주시 반곡동,1805,1805,0,원주반곡아이파크,101.6685,202209,28,29900 ,2,2008,늘품로 199,중개거래
강원도 원주시 반곡동,1805,1805,0,원주반곡아이파크,101.6685,202209,28,30000 ,5,2008,늘품로 199,직거래
강원도 원주시 반곡동,2069,2069,0,이편한세상반곡,84.9792,202209,3,37000 ,16,2018,오리현길 62,중개거래
강원도 원주시 반곡동,2069,2069,0,이편한세상반곡,84.9792,202209,23,39200 ,11,2018,오리현길 62,중개거래
강원도 원주시 반곡동,Apr.42,2042,4,푸른숨 휴브레스,84.92,202209,7,30000 ,13,2013,혁신로 92,중개거래
강원도 원주시 반곡동,1894-2,1894,2,힐데스하임5단지,84.9671,202209,13,40300 ,12,2015,혁신로 91,중개거래
강원도 원주시 반곡동,1894-2,1894,2,힐데스하임5단지,84.9671,202209,13,40000 ,19,2015,혁신로 91,중개거래
강원도 원주시 봉산동,1201-2,1201,2,동신,75.6,202209,26,15900 ,9,1998,행구로 102,중개거래
강원도 원주시 봉산동,1201,1201,0,삼익,59.99,202209,17,14900 ,12,1995,행구로 84,중개거래
강원도 원주시 봉산동,1201,1201,0,삼익,59.99,202209,29,15500 ,5,1995,행구로 84,중개거래
강원도 원주시 봉산동,1182,1182,0,현대,59.951,202209,23,7850 ,6,1993,봉산로 82,중개거래
강원도 원주시 봉산동,1182,1182,0,현대,53.012,202209,26,7000 ,1,1993,봉산로 82,중개거래
강원도 원주시 소초면 장양리,1293-37,1293,37,백운,56.9,202209,21,3700 ,5,1994,장막1길 62,직거래
강원도 원주시 소초면 장양리,816,816,0,영진1차,84.76,202209,3,10000 ,12,1992,장막2길 12,중개거래
강원도 원주시 우산동,157,157,0,덕원,57.84,202209,1,8000 ,6,1992,원문로100번길 90,중개거래
강원도 원주시 우산동,157,157,0,덕원,72.36,202209,3,8950 ,1,1992,원문로100번길 90,중개거래
강원도 원주시 우산동,157,157,0,덕원,57.84,202209,19,8000 ,6,1992,원문로100번길 90,중개거래
강원도 원주시 우산동,157,157,0,덕원,57.84,202209,26,8000 ,8,1992,원문로100번길 90,중개거래
강원도 원주시 우산동,333-48,333,48,동보렉스2,43.955,202209,26,4500 ,2,1989,우산공단길 25,직거래
강원도 원주시 우산동,821,821,0,원주신일유토빌,84.79,202209,21,22600 ,19,2012,우산공단길 23,중개거래
강원도 원주시 우산동,821,821,0,원주신일유토빌,84.79,202209,23,24500 ,20,2012,우산공단길 23,중개거래
강원도 원주시 우산동,818,818,0,한라비발디,129.124,202209,14,37000 ,2,2009,모란1길 86,중개거래
강원도 원주시 우산동,818,818,0,한라비발디,84.973,202209,21,27000 ,9,2009,모란1길 86,중개거래
강원도 원주시 우산동,823,823,0,한라비발디2차,59.12,202209,18,22900 ,4,2014,봉화로 231,중개거래
강원도 원주시 우산동,823,823,0,한라비발디2차,59.12,202209,20,21000 ,7,2014,봉화로 231,직거래
강원도 원주시 원동,113-1,113,1,원동진로,49.14,202209,2,9400 ,13,1999,남산로48번길 26,중개거래
강원도 원주시 일산동,365,365,0,두진하트리움시티,84.9007,202209,10,31000 ,9,2019,천사로 189,직거래
강원도 원주시 일산동,365,365,0,두진하트리움시티,84.9259,202209,27,36000 ,38,2019,천사로 189,중개거래
강원도 원주시 일산동,333-3,333,3,우보삼성,42.96,202209,13,8000 ,4,1993,남산로 103,중개거래
강원도 원주시 일산동,247-162,247,162,일산국제,59.91,202209,6,9200 ,1,2001,남산로 141,중개거래
강원도 원주시 일산동,247-162,247,162,일산국제,84.9,202209,13,15200 ,2,2001,남산로 141,중개거래
강원도 원주시 일산동,247-162,247,162,일산국제,59.91,202209,17,10800 ,5,2001,남산로 141,중개거래
강원도 원주시 일산동,247-162,247,162,일산국제,84.9,202209,18,13500 ,9,2001,남산로 141,중개거래
강원도 원주시 지정면 가곡리,1453,1453,0,EG-the1아파트,84.9822,202209,8,32700 ,6,2019,신지정로 325,중개거래
강원도 원주시 지정면 가곡리,1453,1453,0,EG-the1아파트,59.9473,202209,17,24500 ,19,2019,신지정로 325,중개거래
강원도 원주시 지정면 가곡리,1525,1525,0,원주기업도시8단지호반베르디움,84.9622,202209,8,32000 ,7,2018,가곡로 120,중개거래
강원도 원주시 지정면 가곡리,1525,1525,0,원주기업도시8단지호반베르디움,59.9469,202209,20,24300 ,3,2018,가곡로 120,중개거래
강원도 원주시 지정면 가곡리,1470-1,1470,1,원주기업도시유보라아이비파크2단지(2-2블록),84.9863,202209,5,35000 ,8,2019,조엄로 397,중개거래
강원도 원주시 지정면 가곡리,1512,1512,0,원주롯데캐슬골드파크1차(5단지),84.9799,202209,1,42500 ,6,2019,신지정로 250,중개거래
강원도 원주시 지정면 가곡리,1512,1512,0,원주롯데캐슬골드파크1차(5단지),59.9862,202209,7,27000 ,5,2019,신지정로 250,중개거래
강원도 원주시 지정면 가곡리,1468,1468,0,이지더원더그레이스아파트,59.9924,202209,14,25500 ,8,2020,신지정로 255,중개거래
강원도 원주시 지정면 가곡리,1468,1468,0,이지더원더그레이스아파트,59.8886,202209,27,26500 ,7,2020,신지정로 255,중개거래
강원도 원주시 태장동,2731,2731,0,e편한세상원주태장,59.9574,202209,3,24700 ,12,2018,현충로232번길 42,중개거래
강원도 원주시 태장동,580,580,0,금광포란재1단지,84.961,202209,15,17000 ,1,2006,포란재로 36,중개거래
강원도 원주시 태장동,580,580,0,금광포란재1단지,84.961,202209,16,18300 ,17,2006,포란재로 36,중개거래
강원도 원주시 태장동,580,580,0,금광포란재1단지,84.961,202209,16,19500 ,4,2006,포란재로 36,중개거래
강원도 원주시 태장동,580,580,0,금광포란재1단지,59.9835,202209,22,14000 ,16,2006,포란재로 36,중개거래
강원도 원주시 태장동,1720-48,1720,48,뉴스테이아파트,60,202209,14,5600 ,3,2014,태장공단길 54-14,중개거래
강원도 원주시 태장동,1040-8,1040,8,대흥2,59.94,202209,4,8200 ,2,1995,흥양로 30,중개거래
강원도 원주시 태장동,1040-8,1040,8,대흥2,84.93,202209,13,13300 ,3,1995,흥양로 30,중개거래
강원도 원주시 태장동,1040-8,1040,8,대흥2,59.94,202209,21,8300 ,15,1995,흥양로 30,중개거래
강원도 원주시 태장동,1040-8,1040,8,대흥2,59.94,202209,26,8100 ,3,1995,흥양로 30,중개거래
강원도 원주시 태장동,1040-8,1040,8,대흥2,59.94,202209,30,7750 ,6,1995,흥양로 30,중개거래
강원도 원주시 태장동,546,546,0,두진백로,28.14,202209,16,3450 ,1,1999,흥양로 64,중개거래
강원도 원주시 태장동,546,546,0,두진백로,28.14,202209,27,3900 ,4,1999,흥양로 64,중개거래
강원도 원주시 태장동,1836,1836,0,백운3차,49.29,202209,2,5850 ,9,2000,태장공단길 10,중개거래
강원도 원주시 태장동,1836,1836,0,백운3차,49.29,202209,5,5500 ,4,2000,태장공단길 10,중개거래
강원도 원주시 태장동,1836,1836,0,백운3차,49.29,202209,15,5900 ,2,2000,태장공단길 10,중개거래
강원도 원주시 태장동,1836,1836,0,백운3차,49.29,202209,16,6100 ,6,2000,태장공단길 10,중개거래
강원도 원주시 태장동,1836,1836,0,백운3차,49.29,202209,20,5800 ,9,2000,태장공단길 10,중개거래
강원도 원주시 태장동,1836,1836,0,백운3차,49.29,202209,21,6300 ,7,2000,태장공단길 10,중개거래
강원도 원주시 태장동,551,551,0,삼정백조,49.77,202209,22,8500 ,3,1997,흥양로102번길 22,중개거래
강원도 원주시 태장동,551,551,0,삼정백조,49.77,202209,23,7900 ,4,1997,흥양로102번길 22,중개거래
강원도 원주시 태장동,549,549,0,상록,46.865,202209,20,4500 ,5,1989,흥양로102번길 18,중개거래
강원도 원주시 태장동,971,971,0,상록아파트,56.34,202209,19,5500 ,2,1992,현충로 234,중개거래
강원도 원주시 태장동,891-1,891,1,영진2,59.94,202209,19,7000 ,8,1993,현충로 155,직거래
강원도 원주시 태장동,891-1,891,1,영진2,59.94,202209,24,8500 ,10,1993,현충로 155,중개거래
강원도 원주시 태장동,891-1,891,1,영진2,59.94,202209,30,7300 ,10,1993,현충로 155,중개거래
강원도 원주시 태장동,2717,2717,0,요진보네르카운티2차,84.98,202209,3,25000 ,10,2007,현충로 295,중개거래
강원도 원주시 태장동,2717,2717,0,요진보네르카운티2차,84.98,202209,12,27000 ,21,2007,현충로 295,중개거래
강원도 원주시 태장동,2717,2717,0,요진보네르카운티2차,75.02,202209,14,20400 ,9,2007,현충로 295,중개거래
강원도 원주시 태장동,2210,2210,0,우성1,84.97,202209,20,11500 ,5,1990,적동1길 7,중개거래
강원도 원주시 태장동,2210,2210,0,우성1,72.94,202209,21,8200 ,3,1990,적동1길 7,중개거래
강원도 원주시 태장동,2793,2793,0,이안원주태장,84.94,202209,12,31700 ,9,2019,흥양로51번길 40,중개거래
강원도 원주시 태장동,2793,2793,0,이안원주태장,84.94,202209,22,29500 ,20,2019,흥양로51번길 40,중개거래
강원도 원주시 태장동,2793,2793,0,이안원주태장,75.88,202209,26,27700 ,16,2019,흥양로51번길 40,중개거래
강원도 원주시 태장동,548,548,0,정암,41.31,202209,11,4500 ,1,1988,흥양로 98,중개거래
강원도 원주시 태장동,1037-2,1037,2,진우,63,202209,14,7000 ,4,1990,현충로 280,중개거래
강원도 원주시 태장동,1037-2,1037,2,진우,63,202209,19,7400 ,5,1990,현충로 280,중개거래
강원도 원주시 태장동,1266-6,1266,6,태봉우성2,73.29,202209,17,9600 ,13,1992,현충로 304,중개거래
강원도 원주시 태장동,1266-6,1266,6,태봉우성2,73.29,202209,19,10000 ,2,1992,현충로 304,중개거래
강원도 원주시 태장동,128-1,128,1,태장동보렉스(7차),84.81,202209,3,12900 ,11,1995,치악로 2035,중개거래
강원도 원주시 태장동,128-1,128,1,태장동보렉스(7차),71.46,202209,3,10000 ,7,1995,치악로 2035,중개거래
강원도 원주시 태장동,128-1,128,1,태장동보렉스(7차),84.81,202209,3,13300 ,16,1995,치악로 2035,중개거래
강원도 원주시 태장동,128-1,128,1,태장동보렉스(7차),71.46,202209,6,12500 ,17,1995,치악로 2035,중개거래
강원도 원주시 태장동,128-1,128,1,태장동보렉스(8차),59.88,202209,14,10200 ,11,1997,치악로 2033,중개거래
강원도 원주시 태장동,129,129,0,태장동성호아파트,49.995,202209,1,7400 ,7,1998,치악로 2047,중개거래
강원도 원주시 태장동,129,129,0,태장동성호아파트,59.815,202209,3,8300 ,10,1998,치악로 2047,중개거래
강원도 원주시 태장동,129,129,0,태장동성호아파트,49.995,202209,8,7600 ,2,1998,치악로 2047,중개거래
강원도 원주시 태장동,129,129,0,태장동성호아파트,49.995,202209,19,9250 ,5,1998,치악로 2047,중개거래
강원도 원주시 태장동,129,129,0,태장동성호아파트,49.995,202209,23,7500 ,12,1998,치악로 2047,중개거래
강원도 원주시 태장동,2705,2705,0,태장주공1단지,84.73,202209,8,14000 ,13,1997,흥양로51번길 22,중개거래
강원도 원주시 태장동,2705,2705,0,태장주공1단지,84.73,202209,21,14000 ,1,1997,흥양로51번길 22,중개거래
강원도 원주시 태장동,2708,2708,0,태장주공2,59.67,202209,4,12000 ,3,1997,흥양로51번길 18,중개거래
강원도 원주시 태장동,2708,2708,0,태장주공2,59.67,202209,5,13400 ,13,1997,흥양로51번길 18,중개거래
강원도 원주시 태장동,2708,2708,0,태장주공2,59.67,202209,26,12000 ,15,1997,흥양로51번길 18,중개거래
강원도 원주시 태장동,2708,2708,0,태장주공2,59.67,202209,27,10600 ,1,1997,흥양로51번길 18,중개거래
강원도 원주시 태장동,2708,2708,0,태장주공3,39.44,202209,25,7600 ,4,1997,흥양로51번길 16,중개거래
강원도 원주시 태장동,682,682,0,현대,59.445,202209,6,10500 ,7,1995,현충로58번길 29,중개거래
강원도 원주시 태장동,682,682,0,현대,59.445,202209,13,9900 ,1,1995,현충로58번길 29,중개거래
강원도 원주시 태장동,2716,2716,0,흥화브라운빌,84.9728,202209,13,21000 ,7,2006,현충로58번길 21,중개거래
강원도 원주시 판부면 서곡리,592,592,0,거장2차아파트,27.36,202209,5,7000 ,13,2002,남원로 223,중개거래
강원도 원주시 판부면 서곡리,592,592,0,거장2차아파트,39.06,202209,6,10350 ,4,2002,남원로 223,중개거래
강원도 원주시 판부면 서곡리,592,592,0,거장2차아파트,39.06,202209,24,10300 ,14,2002,남원로 223,중개거래
강원도 원주시 학성동,1032-9,1032,9,삼천리2,56.05,202209,3,11700 ,6,1993,학성길 54,중개거래
강원도 원주시 학성동,1032-9,1032,9,삼천리2,76.7325,202209,15,13200 ,8,1993,학성길 54,중개거래
강원도 원주시 학성동,1056-1,1056,1,영진로얄맨션,84.78,202209,18,13000 ,11,1991,남산로218번길 42,중개거래
강원도 원주시 행구동,1850,1850,0,건영,59.79,202209,17,9500 ,3,1996,행구로 287,중개거래
강원도 원주시 행구동,1850,1850,0,건영,167.73,202209,19,29000 ,6,1996,행구로 287,직거래
강원도 원주시 행구동,1850,1850,0,건영,59.79,202209,20,9500 ,1,1996,행구로 287,중개거래
강원도 원주시 행구동,1850,1850,0,건영,59.93,202209,22,13000 ,15,1996,행구로 287,중개거래
강원도 원주시 행구동,1850,1850,0,건영,84.5,202209,28,17500 ,16,1996,행구로 287,중개거래
강원도 원주시 행구동,1850,1850,0,건영,59.93,202209,30,8900 ,2,1996,행구로 287,직거래
강원도 원주시 행구동,1815-1,1815,1,행구금강아미움아파트,84.9,202209,5,24000 ,4,2007,행구로 140,중개거래
강원도 원주시 행구동,1815-1,1815,1,행구금강아미움아파트,84.9,202209,22,25700 ,7,2007,행구로 140,중개거래
강원도 원주시 행구동,1658-4,1658,4,현대,84.97,202209,13,16300 ,8,1997,행구로 216,중개거래
강원도 원주시 행구동,1851,1851,0,효성백년가약,108.23,202209,27,27500 ,14,2009,번재길 32,중개거래
강원도 원주시 행구동,1851,1851,0,효성백년가약,84.935,202209,28,25000 ,11,2009,번재길 32,중개거래
강원도 원주시 흥업면 매지리,1934,1934,0,청솔,25.92,202209,22,4650 ,8,2000,세동길 51,중개거래
강원도 원주시 흥업면 매지리,1934,1934,0,청솔,25.92,202209,22,4650 ,9,2000,세동길 51,중개거래
강원도 원주시 흥업면 매지리,1934,1934,0,청솔,25.92,202209,22,4650 ,10,2000,세동길 51,중개거래
강원도 원주시 흥업면 매지리,1934,1934,0,청솔,25.92,202209,28,4380 ,1,2000,세동길 51,중개거래
강원도 원주시 흥업면 매지리,1934,1934,0,청솔,25.92,202209,30,4650 ,12,2000,세동길 51,중개거래
강원도 원주시 흥업면 매지리,1934,1934,0,청솔,59.85,202209,30,9800 ,6,2000,세동길 51,중개거래
강원도 원주시 흥업면 매지리,1928,1928,0,현대,34.38,202209,22,6000 ,7,1995,세동길 13,중개거래
강원도 원주시 흥업면 사제리,337,337,0,거장,32.67,202209,24,2800 ,3,1999,사제로 483,중개거래
강원도 원주시 흥업면 사제리,337,337,0,거장,32.67,202209,26,3400 ,5,1999,사제로 483,직거래
강원도 원주시 흥업면 흥업리,1827,1827,0,남원주두산위브,84.7464,202209,6,26000 ,11,2009,북원로 1600,중개거래
강원도 원주시 흥업면 흥업리,1827,1827,0,남원주두산위브,136.6981,202209,8,41500 ,12,2009,북원로 1600,중개거래
강원도 원주시 흥업면 흥업리,1827,1827,0,남원주두산위브,84.8613,202209,8,23300 ,3,2009,북원로 1600,중개거래
강원도 원주시 흥업면 흥업리,86,86,0,흥업경동아파트,39.698,202209,29,6500 ,5,2000,울업1길 33,중개거래
강원도 인제군 남면 신남리,380-2,380,2,대삼아파트,59.93,202209,14,7500 ,2,1992,신남로94번길 13,직거래
강원도 인제군 북면 원통리,664,664,0,꿈의궁전아파트,38.85,202209,7,5500 ,14,2002,원통로211번길 13,직거래
강원도 인제군 북면 원통리,664,664,0,꿈의궁전아파트,38.85,202209,14,5500 ,13,2002,원통로211번길 13,직거래
강원도 인제군 북면 원통리,604-3,604,3,미진원통아파트,80.91,202209,8,9200 ,8,1991,금강로 92,직거래
강원도 인제군 북면 원통리,665,665,0,현대에코캐슬,75.13,202209,5,22170 ,3,2022,원통로211번길 13-1,직거래
강원도 인제군 인제읍 남북리,832,832,0,인제대희지센트,84.487,202209,7,20000 ,13,2012,인제로 110,중개거래
강원도 인제군 인제읍 남북리,833,833,0,인제라온프라이빗,59.91,202209,6,22000 ,9,2020,인제로112번길 22,직거래
강원도 인제군 인제읍 남북리,833,833,0,인제라온프라이빗,84.96,202209,24,32000 ,18,2020,인제로112번길 22,중개거래
강원도 인제군 인제읍 남북리,833,833,0,인제라온프라이빗,59.91,202209,26,20800 ,13,2020,인제로112번길 22,직거래
강원도 인제군 인제읍 덕산리,666,666,0,한양쉐르빌(101동),53.653,202209,5,8500 ,4,2004,내린천로 6760,중개거래
강원도 인제군 인제읍 상동리,Jan.43,43,1,내설악,59.46,202209,30,7600 ,2,2003,인제로228번길 6,직거래
강원도 정선군 고한읍 고한리,440,440,0,파인앤유 아파트,59.7544,202209,13,15480 ,4,2018,고한7길 20,직거래
강원도 정선군 남면 무릉리,530,530,0,멀미주공,39.99,202209,14,4050 ,3,1992,멀미길 33,직거래
강원도 정선군 남면 무릉리,530,530,0,멀미주공,39.6,202209,18,3600 ,2,1992,멀미길 33,직거래
강원도 정선군 사북읍 사북리,435-1,435,1,도사곡주공1,45.72,202209,23,2900 ,3,1984,도사곡길 21,직거래
강원도 정선군 사북읍 사북리,435-5,435,5,도사곡주공2,39.69,202209,8,4200 ,1,1991,도사곡길 21,직거래
강원도 정선군 사북읍 사북리,435-5,435,5,도사곡주공2,39.69,202209,23,2900 ,4,1991,도사곡길 21,직거래
강원도 정선군 사북읍 사북리,435-5,435,5,도사곡주공2,39.69,202209,30,3200 ,5,1991,도사곡길 21,직거래
강원도 정선군 정선읍 북실리,746-6,746,6,미소빌,59.66,202209,20,6000 ,1,1997,정선로 1245-6,직거래
강원도 정선군 정선읍 북실리,746-6,746,6,미소빌,31.58,202209,20,6000 ,18,1997,정선로 1245-6,직거래
강원도 정선군 정선읍 북실리,746-6,746,6,미소빌,49.23,202209,28,8700 ,11,1997,정선로 1245-6,직거래
강원도 정선군 정선읍 북실리,772-2,772,2,북실주공,39.3,202209,21,7550 ,1,1990,정선로 1182,직거래
강원도 정선군 정선읍 북실리,745-1,745,1,현대,59.86,202209,23,14000 ,18,1998,정선로 1245-11,직거래
강원도 철원군 갈말읍 군탄리,1028-97,1028,97,유명,39.78,202209,15,3650 ,11,1998,군탄로8번길 16,직거래
강원도 철원군 갈말읍 지포리,138,138,0,명품ESA,128.837,202209,9,29500 ,6,2008,명성로139번길 13-22,중개거래
강원도 철원군 갈말읍 지포리,138,138,0,명품ESA,128.837,202209,19,29000 ,10,2008,명성로139번길 13-22,중개거래
강원도 철원군 갈말읍 지포리,152-1,152,1,삼호,89.37,202209,13,7200 ,2,1992,명성로125번길 7,직거래
강원도 철원군 동송읍 오덕리,963-1,963,1,세륭,46.62,202209,15,3500 ,3,1992,오덕로30번길 13-13,중개거래
강원도 철원군 동송읍 오덕리,963-1,963,1,세륭,73.26,202209,30,5000 ,2,1992,오덕로30번길 13-13,직거래
강원도 춘천시 근화동,279-8,279,8,신성미소지움,84.97,202209,7,31500 ,14,2007,근화길15번길 26,중개거래
강원도 춘천시 근화동,279-8,279,8,신성미소지움,59.92,202209,28,23500 ,10,2007,근화길15번길 26,중개거래
강원도 춘천시 동내면 거두리,939-1,939,1,부영1차,84.9763,202209,13,20000 ,1,2003,춘천순환로94번길 12,직거래
강원도 춘천시 동내면 거두리,939-1,939,1,부영1차,84.9763,202209,26,22800 ,2,2003,춘천순환로94번길 12,중개거래
강원도 춘천시 동내면 거두리,939-3,939,3,부영2차,84.9763,202209,22,23000 ,1,2003,춘천순환로94번길 12,중개거래
강원도 춘천시 동내면 거두리,939-3,939,3,부영2차,84.9763,202209,27,23300 ,8,2003,춘천순환로94번길 12,중개거래
강원도 춘천시 동내면 거두리,939-2,939,2,부영3차,59.8404,202209,20,18300 ,2,2003,춘천순환로94번길 12,중개거래
강원도 춘천시 동내면 거두리,1038,1038,0,현대성우오스타,84.99,202209,24,32700 ,13,2009,춘천순환로 93,중개거래
강원도 춘천시 동내면 거두리,1038,1038,0,현대성우오스타,84.99,202209,27,30000 ,3,2009,춘천순환로 93,중개거래
강원도 춘천시 동내면 신촌리,401,401,0,산수빌,59.9516,202209,15,13650 ,9,2005,향군길 23,중개거래
강원도 춘천시 동내면 신촌리,401,401,0,산수빌,59.9516,202209,15,13650 ,9,2005,향군길 23,중개거래
강원도 춘천시 동면 만천리,973,973,0,대동다숲아파트,84.6937,202209,5,24800 ,7,2008,후석로326번길 63,중개거래
강원도 춘천시 동면 장학리,988,988,0,장학엘에이치해온채,84.89,202209,6,33000 ,15,2014,소양강로 102,중개거래
강원도 춘천시 동면 장학리,988,988,0,장학엘에이치해온채,84.89,202209,24,28700 ,2,2014,소양강로 102,중개거래
강원도 춘천시 동면 장학리,988,988,0,장학엘에이치해온채,84.93,202209,30,28500 ,1,2014,소양강로 102,중개거래
강원도 춘천시 동면 장학리,985,985,0,춘천장학아이파크,84.9428,202209,26,31700 ,3,2012,만천로 242,중개거래
강원도 춘천시 동면 지내리,971,971,0,그린하이츠,59.94,202209,19,7200 ,14,1995,가산로 95-55,중개거래
강원도 춘천시 사농동,810,810,0,롯데캐슬2단지,84.97,202209,19,23500 ,12,2008,마장길 60,중개거래
강원도 춘천시 사농동,820,820,0,춘천뉴시티코아루,84.9808,202209,1,26000 ,4,2013,영서로 2922,중개거래
강원도 춘천시 사농동,820,820,0,춘천뉴시티코아루,84.9808,202209,2,28500 ,13,2013,영서로 2922,중개거래
강원도 춘천시 사농동,820,820,0,춘천뉴시티코아루,84.9808,202209,5,21500 ,1,2013,영서로 2922,중개거래
강원도 춘천시 사농동,158,158,0,현대,80.934,202209,22,17500 ,4,2002,영서로 2920,중개거래
강원도 춘천시 석사동,722-2,722,2,그랜드,74.82,202209,5,19100 ,7,1998,우석로101번길 20,중개거래
강원도 춘천시 석사동,722-2,722,2,그랜드,74.82,202209,5,19100 ,7,1998,우석로101번길 20,중개거래
강원도 춘천시 석사동,727-4,727,4,두산,59.97,202209,23,16500 ,11,1997,후석로186번길 25,중개거래
강원도 춘천시 석사동,727-4,727,4,두산,59.97,202209,24,16350 ,2,1997,후석로186번길 25,중개거래
강원도 춘천시 석사동,727-4,727,4,두산,59.97,202209,27,16700 ,11,1997,후석로186번길 25,중개거래
강원도 춘천시 석사동,682,682,0,봄내,49.86,202209,1,10500 ,4,1991,석사길 10,중개거래
강원도 춘천시 석사동,283-15,283,15,삼익1,84.73,202209,26,13000 ,15,1990,춘천순환로 42,중개거래
강원도 춘천시 석사동,114-5,114,5,삼익2,73.34,202209,16,14600 ,13,1991,공지로 69-9,중개거래
강원도 춘천시 석사동,114-5,114,5,삼익2,73.34,202209,17,14400 ,7,1991,공지로 69-9,중개거래
강원도 춘천시 석사동,114-5,114,5,삼익2,84.36,202209,20,18000 ,6,1991,공지로 69-9,중개거래
강원도 춘천시 석사동,114-5,114,5,삼익2,84.36,202209,26,15500 ,1,1991,공지로 69-9,중개거래
강원도 춘천시 석사동,115-10,115,10,석사극동,84.96,202209,16,16800 ,10,1992,공지로 43,중개거래
강원도 춘천시 석사동,694-1,694,1,석사근로복지,47.32,202209,23,13000 ,2,1991,효석로67번길 23,중개거래
강원도 춘천시 석사동,721-2,721,2,석사대우,134.34,202209,29,35000 ,11,1998,우석로101번길 86,중개거래
강원도 춘천시 석사동,727-2,727,2,석사부영,59.76,202209,1,12000 ,5,1998,우석로101번길 83,직거래
강원도 춘천시 석사동,727-2,727,2,석사부영,59.76,202209,20,14600 ,2,1998,우석로101번길 83,중개거래
강원도 춘천시 석사동,727-2,727,2,석사부영,59.76,202209,29,13500 ,7,1998,우석로101번길 83,중개거래
강원도 춘천시 석사동,971,971,0,신도브래뉴,84.9618,202209,21,30500 ,8,2007,공지로 69-10,중개거래
강원도 춘천시 석사동,971,971,0,신도브래뉴,84.9618,202209,29,34700 ,6,2007,공지로 69-10,중개거래
강원도 춘천시 석사동,727-6,727,6,청구,59.965,202209,1,15500 ,4,1997,서부대성로 332,중개거래
강원도 춘천시 석사동,727-6,727,6,청구,59.965,202209,3,15800 ,16,1997,서부대성로 332,중개거래
강원도 춘천시 석사동,727-6,727,6,청구,59.4,202209,8,18000 ,1,1997,서부대성로 332,중개거래
강원도 춘천시 석사동,727-6,727,6,청구,59.965,202209,14,15300 ,2,1997,서부대성로 332,중개거래
강원도 춘천시 석사동,820,820,0,퇴계3주공,84.79,202209,26,23500 ,10,1999,퇴계로 220-19,직거래
강원도 춘천시 석사동,822,822,0,퇴계주공4,59.99,202209,20,17500 ,11,1998,퇴계로 242,중개거래
강원도 춘천시 석사동,813,813,0,현대,134.99,202209,17,30000 ,2,1998,퇴계로 220-20,중개거래
강원도 춘천시 석사동,813,813,0,현대,99.931,202209,28,26900 ,11,1998,퇴계로 220-20,중개거래
강원도 춘천시 석사동,873,873,0,현진에버빌2차,84.96,202209,5,35000 ,10,2005,지석로 67,중개거래
강원도 춘천시 석사동,866,866,0,휴먼타운,84.89,202209,8,24100 ,2,2002,지석로 29,중개거래
강원도 춘천시 석사동,866,866,0,휴먼타운,84.89,202209,17,27000 ,13,2002,지석로 29,중개거래
강원도 춘천시 석사동,866,866,0,휴먼타운,84.89,202209,23,26600 ,10,2002,지석로 29,중개거래
강원도 춘천시 소양로2가,183,183,0,e편한세상춘천,84.966,202209,14,38500 ,15,2014,서부대성로 33,중개거래
강원도 춘천시 소양로2가,1,1,0,소양로현대,84.95,202209,6,19000 ,14,1998,모수물길 60,중개거래
강원도 춘천시 소양로2가,1,1,0,소양로현대,114.83,202209,19,24500 ,8,1998,모수물길 60,중개거래
강원도 춘천시 소양로2가,1,1,0,소양로현대,84.95,202209,19,19100 ,6,1998,모수물길 60,중개거래
강원도 춘천시 소양로2가,1,1,0,소양로현대,84.95,202209,22,16200 ,2,1998,모수물길 60,중개거래
강원도 춘천시 신북읍 천전리,1352,1352,0,소양강양우내안애,60.6314,202209,1,13000 ,13,2012,신샘밭로 733,중개거래
강원도 춘천시 신북읍 천전리,1352,1352,0,소양강양우내안애,38.1055,202209,5,7900 ,7,2012,신샘밭로 733,중개거래
강원도 춘천시 신북읍 천전리,1352,1352,0,소양강양우내안애,38.1055,202209,18,8000 ,10,2012,신샘밭로 733,중개거래
강원도 춘천시 신북읍 천전리,1351,1351,0,춘천해강,37.35,202209,19,6100 ,14,1997,상천2길 52,중개거래
강원도 춘천시 온의동,571,571,0,금호3,84.97,202209,29,19000 ,15,1994,영서로 2319,중개거래
강원도 춘천시 온의동,590,590,0,온의롯데캐슬스카이클래스,99.629,202209,5,54000 ,15,2015,방송길 70,중개거래
강원도 춘천시 온의동,590,590,0,온의롯데캐슬스카이클래스,84.796,202209,19,55000 ,3,2015,방송길 70,직거래
강원도 춘천시 온의동,591,591,0,춘천센트럴파크푸르지오,84.8878,202209,1,55000 ,21,2021,스포츠타운길 501,중개거래
강원도 춘천시 요선동,200,200,0,춘천요선동한신휴플러스아파트,84.6937,202209,21,24000 ,2,2007,서부대성로 34,중개거래
강원도 춘천시 요선동,200,200,0,춘천요선동한신휴플러스아파트,84.6937,202209,27,29000 ,9,2007,서부대성로 34,중개거래
강원도 춘천시 우두동,1068-1,1068,1,동부,84.961,202209,2,18400 ,1,1994,충열로 32,중개거래
강원도 춘천시 우두동,1080,1080,0,롯데인벤스,84.93,202209,6,25000 ,11,2006,충열로 29,중개거래
강원도 춘천시 우두동,1080,1080,0,롯데인벤스,73.8,202209,23,23500 ,15,2006,충열로 29,직거래
강원도 춘천시 우두동,1080,1080,0,롯데인벤스,84.93,202209,23,25000 ,3,2006,충열로 29,중개거래
강원도 춘천시 우두동,1068,1068,0,삼성,101.91,202209,5,18300 ,2,1994,충열로 30,중개거래
강원도 춘천시 우두동,1068,1068,0,삼성,101.91,202209,24,21400 ,10,1994,충열로 30,중개거래
강원도 춘천시 우두동,1068,1068,0,삼성,101.91,202209,24,21400 ,10,1994,충열로 30,중개거래
강원도 춘천시 우두동,1085,1085,0,춘천파크에뷰,84.71,202209,2,32700 ,20,2020,우두1길 129,중개거래
강원도 춘천시 우두동,1085,1085,0,춘천파크에뷰,84.71,202209,4,33800 ,22,2020,우두1길 129,중개거래
강원도 춘천시 우두동,1085,1085,0,춘천파크에뷰,74.62,202209,4,31600 ,16,2020,우두1길 129,중개거래
강원도 춘천시 우두동,1085,1085,0,춘천파크에뷰,84.71,202209,17,32000 ,15,2020,우두1길 129,중개거래
강원도 춘천시 우두동,1085,1085,0,춘천파크에뷰,84.71,202209,17,34000 ,10,2020,우두1길 129,중개거래
강원도 춘천시 우두동,1085,1085,0,춘천파크에뷰,84.71,202209,21,32500 ,13,2020,우두1길 129,중개거래
강원도 춘천시 우두동,1085,1085,0,춘천파크에뷰,84.83,202209,29,36500 ,21,2020,우두1길 129,중개거래
강원도 춘천시 조양동,34,34,0,미도파,84.84,202209,13,21000 ,10,1996,금강로 68-9,직거래
강원도 춘천시 죽림동,188,188,0,경남아너스빌,65.73,202209,14,13500 ,12,2002,약사고개길 19,중개거래
강원도 춘천시 칠전동,529-1,529,1,대우,59.89,202209,16,13800 ,15,1999,옛경춘로 492,중개거래
강원도 춘천시 칠전동,529-1,529,1,대우,59.88,202209,30,13500 ,14,1999,옛경춘로 492,직거래
강원도 춘천시 칠전동,529-2,529,2,춘천칠전사랑으로부영,59.9381,202209,17,16900 ,10,2012,칠전서길 45,중개거래
강원도 춘천시 칠전동,585-1,585,1,칠전2차대우,84.9508,202209,10,20000 ,6,2002,칠전서길 15-2,중개거래
강원도 춘천시 칠전동,585-1,585,1,칠전2차대우,71.7847,202209,21,16700 ,14,2002,칠전서길 15-2,중개거래
강원도 춘천시 퇴계동,945,945,0,금호2차,116.94,202209,1,20000 ,6,1993,안마산로 214,직거래
강원도 춘천시 퇴계동,1031,1031,0,뜨란채,84.94,202209,29,28000 ,8,2006,승지골길16번길 47,중개거래
강원도 춘천시 퇴계동,1040,1040,0,쌍용스윗닷홈,84.879,202209,21,36250 ,10,2005,춘주로 176-22,중개거래
강원도 춘천시 퇴계동,1240,1240,0,이편한세상춘천한숲시티,59.8597,202209,24,37500 ,10,2019,안마산로 133,중개거래
강원도 춘천시 퇴계동,1139,1139,0,일성2,84.92,202209,14,19600 ,1,1996,우묵길78번길 25,중개거래
강원도 춘천시 퇴계동,1043,1043,0,중앙하이츠빌1단지,84.8905,202209,4,31300 ,11,2006,영서로2141번길 33,중개거래
강원도 춘천시 퇴계동,1133,1133,0,중앙하이츠빌3단지,84.9859,202209,5,31000 ,3,2008,지석로 10,중개거래
강원도 춘천시 퇴계동,983,983,0,퇴계2주공,59.99,202209,15,17200 ,14,1999,퇴계로 168,중개거래
강원도 춘천시 퇴계동,983,983,0,퇴계2주공,49.62,202209,21,15350 ,8,1999,퇴계로 168,직거래
강원도 춘천시 퇴계동,983,983,0,퇴계2주공,59.99,202209,27,18200 ,17,1999,퇴계로 168,중개거래
강원도 춘천시 퇴계동,430,430,0,퇴계우성,101.91,202209,24,25500 ,16,1999,국사봉길 7,중개거래
강원도 춘천시 퇴계동,1052,1052,0,퇴계이안,84.9877,202209,2,29000 ,2,2007,영서로 2169,직거래
강원도 춘천시 퇴계동,1052,1052,0,퇴계이안,84.9877,202209,5,33300 ,16,2007,영서로 2169,중개거래
강원도 춘천시 퇴계동,1052,1052,0,퇴계이안,84.9877,202209,19,33000 ,18,2007,영서로 2169,직거래
강원도 춘천시 퇴계동,1015,1015,0,퇴계주공6차,59.83,202209,1,21700 ,14,2002,지석로 64,중개거래
강원도 춘천시 퇴계동,944,944,0,한주,59.82,202209,6,16600 ,9,1993,안마산로 217,중개거래
강원도 춘천시 퇴계동,944,944,0,한주,59.82,202209,6,16300 ,10,1993,안마산로 217,중개거래
강원도 춘천시 퇴계동,944,944,0,한주,134.43,202209,28,20500 ,12,1993,안마산로 217,중개거래
강원도 춘천시 퇴계동,916-2,916,2,현대,59.94,202209,26,15950 ,12,1994,춘주로 162,중개거래
강원도 춘천시 퇴계동,916,916,0,현대2,43.2,202209,3,11900 ,8,1994,행촌로 14,중개거래
강원도 춘천시 퇴계동,916,916,0,현대2,43.2,202209,24,12300 ,5,1994,행촌로 14,중개거래
강원도 춘천시 퇴계동,916-1,916,1,현진,59.949,202209,1,15200 ,12,1994,춘주로 150,중개거래
강원도 춘천시 퇴계동,916-1,916,1,현진,59.949,202209,3,14300 ,11,1994,춘주로 150,중개거래
강원도 춘천시 효자동,701,701,0,내안愛양우,84.984,202209,17,24900 ,13,2005,공지로317번길 11,중개거래
강원도 춘천시 효자동,821,821,0,동보,28.38,202209,3,5350 ,2,1999,공지로200번길 13,중개거래
강원도 춘천시 효자동,821,821,0,동보,37.2,202209,19,6900 ,2,1999,공지로200번길 13,중개거래
강원도 춘천시 효자동,822,822,0,현진에버빌3차,84.954,202209,1,40000 ,13,2014,춘천로 120,직거래
강원도 춘천시 효자동,822,822,0,현진에버빌3차,84.954,202209,16,35700 ,11,2014,춘천로 120,중개거래
강원도 춘천시 효자동,822,822,0,현진에버빌3차,84.954,202209,24,36700 ,18,2014,춘천로 120,중개거래
강원도 춘천시 후평동,575-4,575,4,동산,82.77,202209,26,13500 ,8,1990,후석로441번길 7,중개거래
강원도 춘천시 후평동,542-3,542,3,봉의,41.571,202209,22,7800 ,1,1975,후석로441번길 40,중개거래
강원도 춘천시 후평동,899,899,0,석사2,58.14,202209,15,10000 ,15,1994,후석로228번길 24,중개거래
강원도 춘천시 후평동,899,899,0,석사2,58.14,202209,17,12500 ,4,1994,후석로228번길 24,중개거래
강원도 춘천시 후평동,899,899,0,석사2,58.14,202209,17,13900 ,12,1994,후석로228번길 24,중개거래
강원도 춘천시 후평동,899,899,0,석사2,51.66,202209,30,11000 ,7,1994,후석로228번길 24,중개거래
강원도 춘천시 후평동,845-1,845,1,세경3차아파트,49.68,202209,7,8500 ,13,1991,삭주로 125,중개거래
강원도 춘천시 후평동,845-1,845,1,세경3차아파트,49.68,202209,15,7500 ,9,1991,삭주로 125,중개거래
강원도 춘천시 후평동,845-1,845,1,세경3차아파트,49.68,202209,24,7700 ,7,1991,삭주로 125,중개거래
강원도 춘천시 후평동,845-1,845,1,세경3차아파트,49.68,202209,26,6700 ,4,1991,삭주로 125,중개거래
강원도 춘천시 후평동,885-1,885,1,세경4차,52.92,202209,5,9500 ,4,1994,세실로 173,중개거래
강원도 춘천시 후평동,808-1,808,1,주공4,59.3,202209,2,17400 ,1,1985,후만로98번길 9,중개거래
강원도 춘천시 후평동,808-1,808,1,주공4,59.3,202209,3,15700 ,5,1985,후만로98번길 9,중개거래
강원도 춘천시 후평동,808-1,808,1,주공4,49.22,202209,6,16400 ,3,1985,후만로98번길 9,중개거래
강원도 춘천시 후평동,808-1,808,1,주공4,59.3,202209,15,16000 ,5,1985,후만로98번길 9,중개거래
강원도 춘천시 후평동,808-1,808,1,주공4,49.22,202209,19,14000 ,2,1985,후만로98번길 9,중개거래
강원도 춘천시 후평동,481,481,0,주공5,39.69,202209,23,13500 ,2,1989,후만로 15,중개거래
강원도 춘천시 후평동,477,477,0,주공7,39.3,202209,6,12500 ,2,1989,후만로 56,중개거래
강원도 춘천시 후평동,477,477,0,주공7,39.3,202209,16,10500 ,5,1989,후만로 53,중개거래
강원도 춘천시 후평동,477,477,0,주공7,39.69,202209,22,11000 ,4,1989,후만로 56,직거래
강원도 춘천시 후평동,908,908,0,초록지붕8차,84.8803,202209,19,18900 ,5,2010,세실로 260,중개거래
강원도 춘천시 후평동,904,904,0,춘천더샵,84.9716,202209,7,32800 ,10,2008,후석로 325,중개거래
강원도 춘천시 후평동,904,904,0,춘천더샵,84.9716,202209,19,32000 ,18,2008,후석로 325,중개거래
강원도 춘천시 후평동,910,910,0,춘천일성트루엘더퍼스트,84.989,202209,1,38000 ,3,2018,백령로 215,중개거래
강원도 춘천시 후평동,910,910,0,춘천일성트루엘더퍼스트,68.989,202209,28,31500 ,14,2018,백령로 215,중개거래
강원도 춘천시 후평동,912,912,0,춘천후평우미린뉴시티,68.618,202209,6,34500 ,21,2021,보안길 36,중개거래
강원도 춘천시 후평동,912,912,0,춘천후평우미린뉴시티,59.888,202209,17,33000 ,13,2021,보안길 36,중개거래
강원도 춘천시 후평동,912,912,0,춘천후평우미린뉴시티,77.752,202209,23,40000 ,16,2021,보안길 36,중개거래
강원도 춘천시 후평동,864,864,0,한신,73.02,202209,14,10900 ,13,1991,부평길 7,중개거래
강원도 춘천시 후평동,87,87,0,현대3,84.98,202209,19,17700 ,11,1990,후석로326번길 31,중개거래
강원도 춘천시 후평동,902,902,0,후평현대5차,59.89,202209,3,13300 ,3,1996,후만로24번길 13,중개거래
강원도 태백시 동점동,74,74,0,동점,39.72,202209,13,1600 ,4,1986,동태백로 130,직거래
강원도 태백시 동점동,74,74,0,동점,39.72,202209,16,1800 ,4,1986,동태백로 130,중개거래
강원도 태백시 장성동,291,291,0,태백장성동아라이크텐,83.7425,202209,14,17200 ,7,2019,장성1길 117,중개거래
강원도 태백시 장성동,291,291,0,태백장성동아라이크텐,83.7425,202209,16,13300 ,1,2019,장성1길 117,직거래
강원도 태백시 철암동,435-169,435,169,철암장미,58.137,202209,26,3000 ,5,2000,삼방길 35,직거래
강원도 태백시 철암동,435-169,435,169,철암장미,58.137,202209,30,4000 ,4,2000,삼방길 35,직거래
강원도 태백시 화전동,117,117,0,육성2차임대,49.89,202209,19,4300 ,1,1997,굴거랑길 10,직거래
강원도 태백시 화전동,117,117,0,육성2차임대,49.89,202209,22,5000 ,1,1997,굴거랑길 10,직거래
강원도 태백시 화전동,Jan.48,48,1,태백팔마,59.554,202209,15,9250 ,14,2001,수아밭길 182,직거래
강원도 태백시 황지동,244-11,244,11,공무원,45.51,202209,21,4250 ,5,1989,태붐로 9,직거래
강원도 태백시 황지동,207-1,207,1,근로복지,47.28,202209,6,5000 ,5,1991,번영로 171,중개거래
강원도 태백시 황지동,Mar.74,74,3,남청,59.54,202209,26,8000 ,10,1997,황지남1길 17,중개거래
강원도 태백시 황지동,846,846,0,대산2차하이츠빌,84.891,202209,26,22200 ,9,2014,번영로 289,중개거래
강원도 태백시 황지동,49-87,49,87,대윤,38.88,202209,8,5300 ,1,1988,고원로 167,직거래
강원도 태백시 황지동,621-277,621,277,선명5차,59.5139,202209,26,8700 ,9,2001,장수길 47,직거래
강원도 태백시 황지동,229-16,229,16,주공,45.73,202209,5,4800 ,5,1983,감천로 7,직거래
강원도 태백시 황지동,Aug.87,87,8,주공2,39.72,202209,26,3000 ,5,1985,황지로 29,직거래
강원도 태백시 황지동,Aug.87,87,8,주공2,39.72,202209,27,4500 ,1,1985,황지로 29,직거래
강원도 태백시 황지동,844,844,0,중앙하이츠,59.877,202209,15,14000 ,6,2011,대학길 80,중개거래
강원도 태백시 황지동,844,844,0,중앙하이츠,70.48,202209,19,17400 ,1,2011,대학길 80,직거래
강원도 태백시 황지동,844,844,0,중앙하이츠,59.877,202209,27,14000 ,6,2011,대학길 80,중개거래
강원도 태백시 황지동,662,662,0,태백황지청솔,38.365,202209,3,5000 ,8,2001,청솔길 8,중개거래
강원도 태백시 황지동,662,662,0,태백황지청솔,38.365,202209,5,4800 ,4,2001,청솔길 8,직거래
강원도 태백시 황지동,662,662,0,태백황지청솔,38.365,202209,12,5100 ,10,2001,청솔길 8,중개거래
강원도 태백시 황지동,662,662,0,태백황지청솔,38.365,202209,13,4700 ,4,2001,청솔길 8,중개거래
강원도 태백시 황지동,662,662,0,태백황지청솔,38.365,202209,13,5000 ,11,2001,청솔길 35,중개거래
강원도 태백시 황지동,662,662,0,태백황지청솔,38.365,202209,13,5100 ,14,2001,청솔길 8,중개거래
강원도 태백시 황지동,662,662,0,태백황지청솔,38.365,202209,15,4600 ,7,2001,청솔길 35,중개거래
강원도 태백시 황지동,662,662,0,태백황지청솔,38.365,202209,17,4400 ,14,2001,청솔길 8,중개거래
강원도 태백시 황지동,662,662,0,태백황지청솔,38.365,202209,17,5100 ,13,2001,청솔길 8,중개거래
강원도 태백시 황지동,662,662,0,태백황지청솔,38.365,202209,20,4800 ,2,2001,청솔길 35,중개거래
강원도 태백시 황지동,662,662,0,태백황지청솔,38.365,202209,21,5100 ,5,2001,청솔길 8,중개거래
강원도 태백시 황지동,662,662,0,태백황지청솔,38.365,202209,26,4750 ,2,2001,청솔길 8,중개거래
강원도 태백시 황지동,662,662,0,태백황지청솔,38.365,202209,28,4300 ,8,2001,청솔길 35,중개거래
강원도 태백시 황지동,662,662,0,태백황지청솔,38.365,202209,30,4700 ,13,2001,청솔길 8,직거래
강원도 태백시 황지동,662,662,0,태백황지청솔,38.365,202209,30,4700 ,7,2001,청솔길 8,직거래
강원도 평창군 대관령면 수하리,500,500,0,동계올림픽선수촌아파트,74.907,202209,5,34000 ,2,2018,올림픽로 389,중개거래
강원도 평창군 대관령면 차항리,6월 2일,6,2,유덕휴먼빌리지,59.7625,202209,23,5500 ,9,2001,차항길 114-4,중개거래
강원도 평창군 대관령면 차항리,6월 2일,6,2,유덕휴먼빌리지,59.7625,202209,28,6700 ,6,2001,차항길 114-4,직거래
강원도 평창군 대관령면 횡계리,366-8,366,8,강산횡계,59.4,202209,20,8700 ,6,1994,대관령로 46-4,중개거래
강원도 평창군 대관령면 횡계리,264-9,264,9,동보,26.795,202209,2,2700 ,5,1998,대관령마루길 50-24,직거래
강원도 평창군 대관령면 횡계리,264-9,264,9,동보,48.635,202209,7,5400 ,1,1998,대관령마루길 50-24,중개거래
강원도 평창군 대관령면 횡계리,283,283,0,알펜로제,84.9803,202209,3,21200 ,2,2007,대관령로 187,중개거래
강원도 평창군 대관령면 횡계리,283,283,0,알펜로제,54.8571,202209,26,16300 ,5,2007,대관령로 187,중개거래
강원도 평창군 대관령면 횡계리,283,283,0,알펜로제,59.9626,202209,29,18000 ,8,2007,대관령로 187,중개거래
강원도 평창군 대관령면 횡계리,304-6,304,6,힐탑,45.33,202209,14,5600 ,1,1994,종지목길 7,중개거래
강원도 평창군 대관령면 횡계리,304-6,304,6,힐탑,55.77,202209,19,6300 ,14,1994,종지목길 7,중개거래
강원도 평창군 대관령면 횡계리,304-6,304,6,힐탑,55.77,202209,19,5700 ,1,1994,종지목길 7,중개거래
강원도 평창군 봉평면 무이리,691-45,691,45,장웅파인힐,35.51,202209,3,7400 ,3,2004,태기로 101-33,중개거래
강원도 평창군 봉평면 무이리,691-45,691,45,장웅파인힐,35.51,202209,23,6800 ,2,2004,태기로 101-33,직거래
강원도 평창군 봉평면 무이리,691-45,691,45,장웅파인힐,47.19,202209,27,8000 ,3,2004,태기로 101-33,중개거래
강원도 평창군 봉평면 무이리,709,709,0,해피밸리,36.5545,202209,30,8400 ,11,2003,태기로 151,중개거래
강원도 평창군 진부면 송정리,2537,2537,0,석미,54.72,202209,1,8100 ,5,1995,송정택지1길 35,중개거래
강원도 평창군 진부면 송정리,2537,2537,0,석미,59.22,202209,26,7000 ,12,1995,송정택지1길 35,직거래
강원도 평창군 진부면 송정리,2538,2538,0,성원,38.365,202209,3,5500 ,6,1998,송정택지1길 37,중개거래
강원도 평창군 진부면 송정리,2538,2538,0,성원,38.365,202209,5,5100 ,2,1998,송정택지1길 37,직거래
강원도 평창군 진부면 송정리,2538,2538,0,성원,38.365,202209,15,5800 ,12,1998,송정택지1길 37,직거래
강원도 평창군 진부면 하진부리,153-11,153,11,두레프라임,84.987,202209,22,29800 ,11,2018,석두로 21,직거래
강원도 평창군 평창읍 중리,80,80,0,백오,49.92,202209,7,6700 ,1,1992,노람들길 18,직거래
강원도 평창군 평창읍 중리,246,246,0,이강아리채,84.3,202209,5,30680 ,8,2022,노람들길 66,직거래
강원도 홍천군 홍천읍 갈마곡리,222,222,0,주공2차,51.57,202209,3,15400 ,5,2004,갈마로 26,중개거래
강원도 홍천군 홍천읍 연봉리,153-5,153,5,베네치아아파트,71.64,202209,24,20000 ,2,2014,연봉로6길 7,중개거래
강원도 홍천군 홍천읍 연봉리,454,454,0,삼호,40.08,202209,28,5500 ,6,1989,남산강변로5길 3,직거래
강원도 홍천군 홍천읍 연봉리,496,496,0,세영더-조은,59.9781,202209,17,18800 ,7,2007,남산마을길 13,중개거래
강원도 홍천군 홍천읍 연봉리,496,496,0,세영더-조은,59.9781,202209,19,17000 ,2,2007,남산마을길 13,중개거래
강원도 홍천군 홍천읍 연봉리,496,496,0,세영더-조은,59.9781,202209,24,19000 ,6,2007,남산마을길 13,중개거래
강원도 홍천군 홍천읍 연봉리,468-1,468,1,청솔,59.81,202209,7,11900 ,1,2000,연봉서로 46,중개거래
강원도 홍천군 홍천읍 연봉리,468-1,468,1,청솔,59.81,202209,9,12800 ,12,2000,연봉서로 46,중개거래
강원도 홍천군 홍천읍 연봉리,468-1,468,1,청솔,59.81,202209,16,10000 ,10,2000,연봉서로 46,직거래
강원도 홍천군 홍천읍 연봉리,468-1,468,1,청솔,59.81,202209,24,12500 ,6,2000,연봉서로 46,중개거래
강원도 홍천군 홍천읍 연봉리,468,468,0,현대,84.398,202209,7,24800 ,5,1996,연봉중앙로 18,중개거래
강원도 홍천군 홍천읍 연봉리,468,468,0,현대,59.445,202209,8,18000 ,6,1996,연봉중앙로 18,중개거래
강원도 홍천군 홍천읍 하오안리,155,155,0,삼호2차,48.202,202209,1,7000 ,1,2000,구시울1길 25,직거래
강원도 홍천군 홍천읍 하오안리,133-1,133,1,월드공영,39.974,202209,26,3900 ,1,1999,오안여내길 16,중개거래
강원도 홍천군 홍천읍 하오안리,133-1,133,1,월드공영,39.974,202209,28,4000 ,3,1999,오안여내길 16,직거래
강원도 홍천군 홍천읍 희망리,424,424,0,신아1차,39.99,202209,8,6000 ,2,1998,마지기로 110,중개거래
강원도 홍천군 홍천읍 희망리,424,424,0,신아1차,39.99,202209,21,3500 ,1,1998,마지기로 110,직거래
강원도 홍천군 홍천읍 희망리,369,369,0,안정스위트타워,71.878,202209,30,23800 ,17,2012,홍천로 321,중개거래
강원도 화천군 화천읍 상리,Feb.46,46,2,동산,47.13,202209,30,7400 ,4,1988,상승로 105,직거래
강원도 화천군 화천읍 아리,205-7,205,7,낙원,84.74,202209,20,22000 ,4,1992,중앙로9길 32-22,직거래
강원도 횡성군 둔내면 둔방내리,Jan.84,84,1,남서울,84.84,202209,27,6500 ,5,1993,경강로둔방10길 33-6,중개거래
강원도 횡성군 횡성읍 교항리,67,67,0,횡성코아루센트럴퍼스트,59.94,202209,8,22000 ,11,2018,앞들서1로 62,중개거래
강원도 횡성군 횡성읍 북천리,115-48,115,48,중앙,47.01,202209,16,5100 ,1,1988,북천로 8,직거래
강원도 횡성군 횡성읍 북천리,115-87,115,87,태우,74.47,202209,20,8750 ,2,1992,북천서로15번길 27,직거래
강원도 횡성군 횡성읍 읍상리,607,607,0,횡성석미모닝파크,81.75,202209,2,20000 ,13,2013,어사매로 68,직거래
강원도 횡성군 횡성읍 읍상리,607,607,0,횡성석미모닝파크,74.9,202209,5,18000 ,1,2013,어사매로 68,직거래
강원도 횡성군 횡성읍 읍상리,607,607,0,횡성석미모닝파크,74.9,202209,14,18600 ,9,2013,어사매로 68,직거래
강원도 횡성군 횡성읍 읍상리,607,607,0,횡성석미모닝파크,84.62,202209,24,20500 ,11,2013,어사매로 68,직거래
강원도 횡성군 횡성읍 읍하리,518,518,0,대동황토방,84.93,202209,24,14000 ,15,1998,삼일로 50,중개거래
강원도 횡성군 횡성읍 읍하리,380,380,0,원흥(101동),49.895,202209,15,6300 ,4,1992,섬강로 6,중개거래
